frame,0.000000,252,156,2
frame,0.026122,408,156,2
frame,0.052245,564,156,2
frame,0.078367,720,156,2
frame,0.104490,876,156,2
frame,0.130612,1032,156,2
frame,0.156735,1188,156,2
frame,0.182857,1344,156,2
frame,0.208980,1500,156,2
frame,0.235102,1656,156,2
frame,0.261224,1812,156,2
frame,0.287347,1968,156,2
frame,0.313469,2124,156,2
frame,0.339592,2280,156,2
frame,0.365714,2436,156,2
frame,0.391837,2592,156,2
frame,0.417959,2748,156,2
frame,0.444082,2904,156,2
frame,0.470204,3060,156,2
frame,0.496327,3216,156,2
frame,0.522449,3372,156,2
frame,0.548571,3528,156,2
frame,0.574694,3684,156,2
frame,0.600816,3840,156,2
frame,0.626939,3996,156,2
frame,0.653061,4152,156,2
frame,0.679184,4308,156,2
frame,0.705306,4464,156,2
frame,0.731429,4620,156,2
frame,0.757551,4776,156,2
frame,0.783673,4932,156,2
frame,0.809796,5088,156,2
frame,0.835918,5244,156,2
frame,0.862041,5400,156,2
frame,0.888163,5556,156,2
frame,0.914286,5712,156,2
frame,0.940408,5868,156,2
frame,0.966531,6024,156,2
frame,0.992653,6180,156,2
frame,1.018776,6336,156,2
frame,1.044898,6492,156,2
frame,1.071020,6648,156,2
frame,1.097143,6804,156,2
frame,1.123265,6960,156,2
frame,1.149388,7116,156,2
frame,1.175510,7272,156,2
frame,1.201633,7428,156,2
frame,1.227755,7584,156,2
frame,1.253878,7740,156,2
frame,1.280000,7896,156,2
frame,1.306122,8052,156,2
frame,1.332245,8208,156,2
frame,1.358367,8364,156,2
frame,1.384490,8520,156,2
frame,1.410612,8676,156,2
frame,1.436735,8832,156,2
frame,1.462857,8988,156,2
frame,1.488980,9144,156,2
frame,1.515102,9300,156,2
frame,1.541224,9456,156,2
frame,1.567347,9612,156,2
frame,1.593469,9768,156,2
frame,1.619592,9924,156,2
frame,1.645714,10080,156,2
frame,1.671837,10236,156,2
frame,1.697959,10392,156,2
frame,1.724082,10548,156,2
frame,1.750204,10704,156,2
frame,1.776327,10860,156,2
frame,1.802449,11016,156,2
frame,1.828571,11172,156,2
frame,1.854694,11328,156,2
frame,1.880816,11484,156,2
frame,1.906939,11640,156,2
frame,1.933061,11796,156,2
frame,1.959184,11952,156,2
frame,1.985306,12108,156,2
frame,2.011429,12264,156,2
frame,2.037551,12420,156,2
frame,2.063673,12576,156,2
frame,2.089796,12732,156,2
frame,2.115918,12888,156,2
frame,2.142041,13044,156,2
frame,2.168163,13200,156,2
frame,2.194286,13356,156,2
frame,2.220408,13512,156,2
frame,2.246531,13668,156,2
frame,2.272653,13824,156,2
frame,2.298776,13980,156,2
frame,2.324898,14136,156,2
frame,2.351020,14292,156,2
frame,2.377143,14448,156,2
frame,2.403265,14604,156,2
frame,2.429388,14760,156,2
frame,2.455510,14916,156,2
frame,2.481633,15072,156,2
frame,2.507755,15228,156,2
frame,2.533878,15384,156,2
frame,2.560000,15540,156,2
frame,2.586122,15696,156,2
frame,2.612245,15852,156,2
frame,2.638367,16008,156,2
frame,2.664490,16164,156,2
frame,2.690612,16320,156,2
frame,2.716735,16476,156,2
frame,2.742857,16632,156,2
frame,2.768980,16788,156,2
frame,2.795102,16944,156,2
frame,2.821224,17100,156,2
frame,2.847347,17256,156,2
frame,2.873469,17412,156,2
frame,2.899592,17568,156,2
frame,2.925714,17724,156,2
frame,2.951837,17880,156,2
frame,2.977959,18036,156,2
frame,3.004082,18192,156,2
frame,3.030204,18348,156,2
frame,3.056327,18504,156,2
frame,3.082449,18660,156,2
frame,3.108571,18816,156,2
frame,3.134694,18972,156,2
frame,3.160816,19128,156,2
frame,3.186939,19284,156,2
frame,3.213061,19440,156,2
frame,3.239184,19596,156,2
frame,3.265306,19752,156,2
frame,3.291429,19908,156,2
frame,3.317551,20064,156,2
frame,3.343673,20220,156,2
frame,3.369796,20376,156,2
frame,3.395918,20532,156,2
frame,3.422041,20688,156,2
frame,3.448163,20844,156,2
frame,3.474286,21000,156,2
frame,3.500408,21156,156,2
frame,3.526531,21312,156,2
frame,3.552653,21468,156,2
frame,3.578776,21624,156,2
frame,3.604898,21780,156,2
frame,3.631020,21936,156,2
frame,3.657143,22092,156,2
frame,3.683265,22248,156,2
frame,3.709388,22404,156,2
frame,3.735510,22560,156,2
frame,3.761633,22716,156,2
frame,3.787755,22872,156,2
frame,3.813878,23028,156,2
frame,3.840000,23184,156,2
frame,3.866122,23340,156,2
frame,3.892245,23496,156,2
frame,3.918367,23652,156,2
frame,3.944490,23808,156,2
frame,3.970612,23964,156,2
frame,3.996735,24120,156,2
frame,4.022857,24276,156,2
frame,4.048980,24432,156,2
frame,4.075102,24588,156,2
frame,4.101224,24744,156,2
frame,4.127347,24900,156,2
frame,4.153469,25056,156,2
frame,4.179592,25212,156,2
frame,4.205714,25368,156,2
frame,4.231837,25524,156,2
frame,4.257959,25680,156,2
frame,4.284082,25836,156,2
frame,4.310204,25992,156,2
frame,4.336327,26148,156,2
frame,4.362449,26304,156,2
frame,4.388571,26460,156,2
frame,4.414694,26616,156,2
frame,4.440816,26772,156,2
frame,4.466939,26928,156,2
frame,4.493061,27084,156,2
frame,4.519184,27240,156,2
frame,4.545306,27396,156,2
frame,4.571429,27552,156,2
frame,4.597551,27708,156,2
frame,4.623673,27864,156,2
frame,4.649796,28020,156,2
frame,4.675918,28176,156,2
frame,4.702041,28332,156,2
frame,4.728163,28488,156,2
frame,4.754286,28644,156,2
frame,4.780408,28800,156,2
frame,4.806531,28956,156,2
frame,4.832653,29112,156,2
frame,4.858776,29268,156,2
frame,4.884898,29424,156,2
frame,4.911020,29580,156,2
frame,4.937143,29736,156,2
frame,4.963265,29892,156,2
frame,4.989388,30048,156,2
frame,5.015510,30204,156,2
frame,5.041633,30360,156,2
frame,5.067755,30516,156,2
frame,5.093878,30672,156,2
frame,5.120000,30828,156,2
frame,5.146122,30984,156,2
frame,5.172245,31140,156,2
frame,5.198367,31296,156,2
frame,5.224490,31452,156,2
frame,5.250612,31608,156,2
frame,5.276735,31764,156,2
frame,5.302857,31920,156,2
frame,5.328980,32076,156,2
frame,5.355102,32232,156,2
frame,5.381224,32388,156,2
frame,5.407347,32544,156,2
frame,5.433469,32700,156,2
frame,5.459592,32856,156,2
frame,5.485714,33012,156,2
frame,5.511837,33168,156,2
frame,5.537959,33324,156,2
frame,5.564082,33480,156,2
frame,5.590204,33636,156,2
frame,5.616327,33792,156,2
frame,5.642449,33948,156,2
frame,5.668571,34104,156,2
frame,5.694694,34260,156,2
frame,5.720816,34416,156,2
frame,5.746939,34572,156,2
frame,5.773061,34728,156,2
frame,5.799184,34884,156,2
frame,5.825306,35040,156,2
frame,5.851429,35196,156,2
frame,5.877551,35352,156,2
frame,5.903673,35508,156,2
frame,5.929796,35664,156,2
frame,5.955918,35820,156,2
frame,5.982041,35976,156,2
frame,6.008163,36132,156,2
frame,6.034286,36288,156,2
frame,6.060408,36444,156,2
frame,6.086531,36600,156,2
frame,6.112653,36756,156,2
frame,6.138776,36912,156,2
frame,6.164898,37068,156,2
frame,6.191020,37224,156,2
frame,6.217143,37380,156,2
frame,6.243265,37536,156,2
frame,6.269388,37692,156,2
frame,6.295510,37848,156,2
frame,6.321633,38004,156,2
frame,6.347755,38160,156,2
frame,6.373878,38316,156,2
frame,6.400000,38472,156,2
frame,6.426122,38628,156,2
frame,6.452245,38784,156,2
frame,6.478367,38940,156,2
frame,6.504490,39096,156,2
frame,6.530612,39252,156,2
frame,6.556735,39408,156,2
frame,6.582857,39564,156,2
frame,6.608980,39720,156,2
frame,6.635102,39876,156,2
frame,6.661224,40032,156,2
frame,6.687347,40188,156,2
frame,6.713469,40344,156,2
frame,6.739592,40500,156,2
frame,6.765714,40656,156,2
frame,6.791837,40812,156,2
frame,6.817959,40968,156,2
frame,6.844082,41124,156,2
frame,6.870204,41280,156,2
frame,6.896327,41436,156,2
frame,6.922449,41592,156,2
frame,6.948571,41748,156,2
frame,6.974694,41904,156,2
frame,7.000816,42060,156,2
frame,7.026939,42216,156,2
frame,7.053061,42372,156,2
frame,7.079184,42528,156,2
frame,7.105306,42684,156,2
frame,7.131429,42840,156,2
frame,7.157551,42996,156,2
frame,7.183673,43152,156,2
frame,7.209796,43308,156,2
frame,7.235918,43464,156,2
frame,7.262041,43620,156,2
frame,7.288163,43776,156,2
frame,7.314286,43932,156,2
frame,7.340408,44088,156,2
frame,7.366531,44244,156,2
frame,7.392653,44400,156,2
frame,7.418776,44556,156,2
frame,7.444898,44712,156,2
frame,7.471020,44868,156,2
frame,7.497143,45024,156,2
frame,7.523265,45180,156,2
frame,7.549388,45336,156,2
frame,7.575510,45492,156,2
frame,7.601633,45648,156,2
frame,7.627755,45804,156,2
frame,7.653878,45960,156,2
frame,7.680000,46116,156,2
frame,7.706122,46272,156,2
frame,7.732245,46428,156,2
frame,7.758367,46584,156,2
frame,7.784490,46740,156,2
frame,7.810612,46896,156,2
frame,7.836735,47052,156,2
frame,7.862857,47208,156,2
frame,7.888980,47364,156,2
frame,7.915102,47520,156,2
frame,7.941224,47676,156,2
frame,7.967347,47832,156,2
frame,7.993469,47988,156,2
frame,8.019592,48144,156,2
frame,8.045714,48300,156,2
frame,8.071837,48456,156,2
frame,8.097959,48612,156,2
frame,8.124082,48768,156,2
frame,8.150204,48924,156,2
frame,8.176327,49080,156,2
frame,8.202449,49236,156,2
frame,8.228571,49392,156,2
frame,8.254694,49548,156,2
frame,8.280816,49704,156,2
frame,8.306939,49860,156,2
frame,8.333061,50016,156,2
frame,8.359184,50172,156,2
frame,8.385306,50328,156,2
frame,8.411429,50484,156,2
frame,8.437551,50640,156,2
frame,8.463673,50796,156,2
frame,8.489796,50952,156,2
frame,8.515918,51108,156,2
frame,8.542041,51264,156,2
frame,8.568163,51420,156,2
frame,8.594286,51576,156,2
frame,8.620408,51732,156,2
frame,8.646531,51888,156,2
frame,8.672653,52044,156,2
frame,8.698776,52200,156,2
frame,8.724898,52356,156,2
frame,8.751020,52512,156,2
frame,8.777143,52668,156,2
frame,8.803265,52824,156,2
frame,8.829388,52980,156,2
frame,8.855510,53136,156,2
frame,8.881633,53292,156,2
frame,8.907755,53448,156,2
frame,8.933878,53604,156,2
frame,8.960000,53760,156,2
frame,8.986122,53916,156,2
frame,9.012245,54072,156,2
frame,9.038367,54228,156,2
frame,9.064490,54384,156,2
frame,9.090612,54540,156,2
frame,9.116735,54696,156,2
frame,9.142857,54852,156,2
frame,9.168980,55008,156,2
frame,9.195102,55164,156,2
frame,9.221224,55320,156,2
frame,9.247347,55476,156,2
frame,9.273469,55632,156,2
frame,9.299592,55788,156,2
frame,9.325714,55944,156,2
frame,9.351837,56100,156,2
frame,9.377959,56256,156,2
frame,9.404082,56412,156,2
frame,9.430204,56568,156,2
frame,9.456327,56724,156,2
frame,9.482449,56880,156,2
frame,9.508571,57036,156,2
frame,9.534694,57192,156,2
frame,9.560816,57348,156,2
frame,9.586939,57504,156,2
frame,9.613061,57660,156,2
frame,9.639184,57816,156,2
frame,9.665306,57972,156,2
frame,9.691429,58128,156,2
frame,9.717551,58284,156,2
frame,9.743673,58440,156,2
frame,9.769796,58596,156,2
frame,9.795918,58752,156,2
frame,9.822041,58908,156,2
frame,9.848163,59064,156,2
frame,9.874286,59220,156,2
frame,9.900408,59376,156,2
frame,9.926531,59532,156,2
frame,9.952653,59688,156,2
frame,9.978776,59844,156,2
frame,10.004898,60000,156,2
frame,10.031020,60156,156,2
frame,10.057143,60312,156,2
frame,10.083265,60468,156,2
frame,10.109388,60624,156,2
frame,10.135510,60780,156,2
frame,10.161633,60936,156,2
frame,10.187755,61092,156,2
frame,10.213878,61248,156,2
frame,10.240000,61404,156,2
frame,10.266122,61560,156,2
frame,10.292245,61716,156,2
frame,10.318367,61872,156,2
frame,10.344490,62028,156,2
frame,10.370612,62184,156,2
frame,10.396735,62340,156,2
frame,10.422857,62496,156,2
frame,10.448980,62652,156,2
frame,10.475102,62808,156,2
frame,10.501224,62964,156,2
frame,10.527347,63120,156,2
frame,10.553469,63276,156,2
frame,10.579592,63432,156,2
frame,10.605714,63588,156,2
frame,10.631837,63744,156,2
frame,10.657959,63900,156,2
frame,10.684082,64056,156,2
frame,10.710204,64212,156,2
frame,10.736327,64368,156,2
frame,10.762449,64524,156,2
frame,10.788571,64680,156,2
frame,10.814694,64836,156,2
frame,10.840816,64992,156,2
frame,10.866939,65148,156,2
frame,10.893061,65304,156,2
frame,10.919184,65460,156,2
frame,10.945306,65616,156,2
frame,10.971429,65772,156,2
frame,10.997551,65928,156,2
frame,11.023673,66084,156,2
frame,11.049796,66240,156,2
frame,11.075918,66396,156,2
frame,11.102041,66552,156,2
frame,11.128163,66708,156,2
frame,11.154286,66864,156,2
frame,11.180408,67020,156,2
frame,11.206531,67176,156,2
frame,11.232653,67332,156,2
frame,11.258776,67488,156,2
frame,11.284898,67644,156,2
frame,11.311020,67800,156,2
frame,11.337143,67956,156,2
frame,11.363265,68112,156,2
frame,11.389388,68268,156,2
frame,11.415510,68424,156,2
frame,11.441633,68580,156,2
frame,11.467755,68736,156,2
frame,11.493878,68892,156,2
frame,11.520000,69048,156,2
frame,11.546122,69204,156,2
frame,11.572245,69360,156,2
frame,11.598367,69516,156,2
frame,11.624490,69672,156,2
frame,11.650612,69828,156,2
frame,11.676735,69984,156,2
frame,11.702857,70140,156,2
frame,11.728980,70296,156,2
frame,11.755102,70452,156,2
frame,11.781224,70608,156,2
frame,11.807347,70764,156,2
frame,11.833469,70920,156,2
frame,11.859592,71076,156,2
frame,11.885714,71232,156,2
frame,11.911837,71388,156,2
frame,11.937959,71544,156,2
frame,11.964082,71700,156,2
frame,11.990204,71856,156,2
frame,12.016327,72012,156,2
frame,12.042449,72168,156,2
frame,12.068571,72324,156,2
frame,12.094694,72480,156,2
frame,12.120816,72636,156,2
frame,12.146939,72792,156,2
frame,12.173061,72948,156,2
frame,12.199184,73104,156,2
frame,12.225306,73260,156,2
frame,12.251429,73416,156,2
frame,12.277551,73572,156,2
frame,12.303673,73728,156,2
frame,12.329796,73884,156,2
frame,12.355918,74040,156,2
frame,12.382041,74196,156,2
frame,12.408163,74352,156,2
frame,12.434286,74508,156,2
frame,12.460408,74664,156,2
frame,12.486531,74820,156,2
frame,12.512653,74976,156,2
frame,12.538776,75132,156,2
frame,12.564898,75288,156,2
frame,12.591020,75444,156,2
frame,12.617143,75600,156,2
frame,12.643265,75756,156,2
frame,12.669388,75912,156,2
frame,12.695510,76068,156,2
frame,12.721633,76224,156,2
frame,12.747755,76380,156,2
frame,12.773878,76536,156,2
frame,12.800000,76692,156,2
frame,12.826122,76848,156,2
frame,12.852245,77004,156,2
frame,12.878367,77160,156,2
frame,12.904490,77316,156,2
frame,12.930612,77472,156,2
frame,12.956735,77628,156,2
frame,12.982857,77784,156,2
frame,13.008980,77940,156,2
frame,13.035102,78096,156,2
frame,13.061224,78252,156,2
frame,13.087347,78408,156,2
frame,13.113469,78564,156,2
frame,13.139592,78720,156,2
frame,13.165714,78876,156,2
frame,13.191837,79032,156,2
frame,13.217959,79188,156,2
frame,13.244082,79344,156,2
frame,13.270204,79500,156,2
frame,13.296327,79656,156,2
frame,13.322449,79812,156,2
frame,13.348571,79968,156,2
frame,13.374694,80124,156,2
frame,13.400816,80280,156,2
frame,13.426939,80436,156,2
frame,13.453061,80592,156,2
frame,13.479184,80748,156,2
frame,13.505306,80904,156,2
frame,13.531429,81060,156,2
frame,13.557551,81216,156,2
frame,13.583673,81372,156,2
frame,13.609796,81528,156,2
frame,13.635918,81684,156,2
frame,13.662041,81840,156,2
frame,13.688163,81996,156,2
frame,13.714286,82152,156,2
frame,13.740408,82308,156,2
frame,13.766531,82464,156,2
frame,13.792653,82620,156,2
frame,13.818776,82776,156,2
frame,13.844898,82932,156,2
frame,13.871020,83088,156,2
frame,13.897143,83244,156,2
frame,13.923265,83400,156,2
frame,13.949388,83556,156,2
frame,13.975510,83712,156,2
frame,14.001633,83868,156,2
frame,14.027755,84024,156,2
frame,14.053878,84180,156,2
frame,14.080000,84336,156,2
frame,14.106122,84492,156,2
frame,14.132245,84648,156,2
frame,14.158367,84804,156,2
frame,14.184490,84960,156,2
frame,14.210612,85116,156,2
frame,14.236735,85272,156,2
frame,14.262857,85428,156,2
frame,14.288980,85584,156,2
frame,14.315102,85740,156,2
frame,14.341224,85896,156,2
frame,14.367347,86052,156,2
frame,14.393469,86208,156,2
frame,14.419592,86364,156,2
frame,14.445714,86520,156,2
frame,14.471837,86676,156,2
frame,14.497959,86832,156,2
frame,14.524082,86988,156,2
frame,14.550204,87144,156,2
frame,14.576327,87300,156,2
frame,14.602449,87456,156,2
frame,14.628571,87612,156,2
frame,14.654694,87768,156,2
frame,14.680816,87924,156,2
frame,14.706939,88080,156,2
frame,14.733061,88236,156,2
frame,14.759184,88392,156,2
frame,14.785306,88548,156,2
frame,14.811429,88704,156,2
frame,14.837551,88860,156,2
frame,14.863673,89016,156,2
frame,14.889796,89172,156,2
frame,14.915918,89328,156,2
frame,14.942041,89484,156,2
frame,14.968163,89640,156,2
frame,14.994286,89796,156,2
frame,15.020408,89952,156,2
frame,15.046531,90108,156,2
frame,15.072653,90264,156,2
frame,15.098776,90420,156,2
frame,15.124898,90576,156,2
frame,15.151020,90732,156,2
frame,15.177143,90888,156,2
frame,15.203265,91044,156,2
frame,15.229388,91200,156,2
frame,15.255510,91356,156,2
frame,15.281633,91512,156,2
frame,15.307755,91668,156,2
frame,15.333878,91824,156,2
frame,15.360000,91980,156,2
frame,15.386122,92136,156,2
frame,15.412245,92292,156,2
frame,15.438367,92448,156,2
frame,15.464490,92604,156,2
frame,15.490612,92760,156,2
frame,15.516735,92916,156,2
frame,15.542857,93072,156,2
frame,15.568980,93228,156,2
frame,15.595102,93384,156,2
frame,15.621224,93540,156,2
frame,15.647347,93696,156,2
frame,15.673469,93852,156,2
frame,15.699592,94008,156,2
frame,15.725714,94164,156,2
frame,15.751837,94320,156,2
frame,15.777959,94476,156,2
frame,15.804082,94632,156,2
frame,15.830204,94788,156,2
frame,15.856327,94944,156,2
frame,15.882449,95100,156,2
frame,15.908571,95256,156,2
frame,15.934694,95412,156,2
frame,15.960816,95568,156,2
frame,15.986939,95724,156,2
frame,16.013061,95880,156,2
frame,16.039184,96036,156,2
frame,16.065306,96192,156,2
frame,16.091429,96348,156,2
frame,16.117551,96504,156,2
frame,16.143673,96660,156,2
frame,16.169796,96816,156,2
frame,16.195918,96972,156,2
frame,16.222041,97128,156,2
frame,16.248163,97284,156,2
frame,16.274286,97440,156,2
frame,16.300408,97596,156,2
frame,16.326531,97752,156,2
frame,16.352653,97908,156,2
frame,16.378776,98064,156,2
frame,16.404898,98220,156,2
frame,16.431020,98376,156,2
frame,16.457143,98532,156,2
frame,16.483265,98688,156,2
frame,16.509388,98844,156,2
frame,16.535510,99000,156,2
frame,16.561633,99156,156,2
frame,16.587755,99312,156,2
frame,16.613878,99468,156,2
frame,16.640000,99624,156,2
frame,16.666122,99780,156,2
frame,16.692245,99936,156,2
frame,16.718367,100092,156,2
frame,16.744490,100248,156,2
frame,16.770612,100404,156,2
frame,16.796735,100560,156,2
frame,16.822857,100716,156,2
frame,16.848980,100872,156,2
frame,16.875102,101028,156,2
frame,16.901224,101184,156,2
frame,16.927347,101340,156,2
frame,16.953469,101496,156,2
frame,16.979592,101652,156,2
frame,17.005714,101808,156,2
frame,17.031837,101964,156,2
frame,17.057959,102120,156,2
frame,17.084082,102276,156,2
frame,17.110204,102432,156,2
frame,17.136327,102588,156,2
frame,17.162449,102744,156,2
frame,17.188571,102900,156,2
frame,17.214694,103056,156,2
frame,17.240816,103212,156,2
frame,17.266939,103368,156,2
frame,17.293061,103524,156,2
frame,17.319184,103680,156,2
frame,17.345306,103836,156,2
frame,17.371429,103992,156,2
frame,17.397551,104148,156,2
frame,17.423673,104304,156,2
frame,17.449796,104460,156,2
frame,17.475918,104616,156,2
frame,17.502041,104772,156,2
frame,17.528163,104928,156,2
frame,17.554286,105084,156,2
frame,17.580408,105240,156,2
frame,17.606531,105396,156,2
frame,17.632653,105552,156,2
frame,17.658776,105708,156,2
frame,17.684898,105864,156,2
frame,17.711020,106020,156,2
frame,17.737143,106176,156,2
frame,17.763265,106332,156,2
frame,17.789388,106488,156,2
frame,17.815510,106644,156,2
frame,17.841633,106800,156,2
frame,17.867755,106956,156,2
frame,17.893878,107112,156,2
frame,17.920000,107268,156,2
frame,17.946122,107424,156,2
frame,17.972245,107580,156,2
frame,17.998367,107736,156,2
frame,18.024490,107892,156,2
frame,18.050612,108048,156,2
frame,18.076735,108204,156,2
frame,18.102857,108360,156,2
frame,18.128980,108516,156,2
frame,18.155102,108672,156,2
frame,18.181224,108828,156,2
frame,18.207347,108984,156,2
frame,18.233469,109140,156,2
frame,18.259592,109296,156,2
frame,18.285714,109452,156,2
frame,18.311837,109608,156,2
frame,18.337959,109764,156,2
frame,18.364082,109920,156,2
frame,18.390204,110076,156,2
frame,18.416327,110232,156,2
frame,18.442449,110388,156,2
frame,18.468571,110544,156,2
frame,18.494694,110700,156,2
frame,18.520816,110856,156,2
frame,18.546939,111012,156,2
frame,18.573061,111168,156,2
frame,18.599184,111324,156,2
frame,18.625306,111480,156,2
frame,18.651429,111636,156,2
frame,18.677551,111792,156,2
frame,18.703673,111948,156,2
frame,18.729796,112104,156,2
frame,18.755918,112260,156,2
frame,18.782041,112416,156,2
frame,18.808163,112572,156,2
frame,18.834286,112728,156,2
frame,18.860408,112884,156,2
frame,18.886531,113040,156,2
frame,18.912653,113196,156,2
frame,18.938776,113352,156,2
frame,18.964898,113508,156,2
frame,18.991020,113664,156,2
frame,19.017143,113820,156,2
frame,19.043265,113976,156,2
frame,19.069388,114132,156,2
frame,19.095510,114288,156,2
frame,19.121633,114444,156,2
frame,19.147755,114600,156,2
frame,19.173878,114756,156,2
frame,19.200000,114912,156,2
frame,19.226122,115068,156,2
frame,19.252245,115224,156,2
frame,19.278367,115380,156,2
frame,19.304490,115536,156,2
frame,19.330612,115692,156,2
frame,19.356735,115848,156,2
frame,19.382857,116004,156,2
frame,19.408980,116160,156,2
frame,19.435102,116316,156,2
frame,19.461224,116472,156,2
frame,19.487347,116628,156,2
frame,19.513469,116784,156,2
frame,19.539592,116940,156,2
frame,19.565714,117096,156,2
frame,19.591837,117252,156,2
frame,19.617959,117408,156,2
frame,19.644082,117564,156,2
frame,19.670204,117720,156,2
frame,19.696327,117876,156,2
frame,19.722449,118032,156,2
frame,19.748571,118188,156,2
frame,19.774694,118344,156,2
frame,19.800816,118500,156,2
frame,19.826939,118656,156,2
frame,19.853061,118812,156,2
frame,19.879184,118968,156,2
frame,19.905306,119124,156,2
frame,19.931429,119280,156,2
frame,19.957551,119436,156,2
frame,19.983673,119592,156,2
frame,20.009796,119748,156,2
frame,20.035918,119904,156,2
frame,20.062041,120060,156,2
frame,20.088163,120216,156,2
frame,20.114286,120372,156,2
frame,20.140408,120528,156,2
frame,20.166531,120684,156,2
frame,20.192653,120840,156,2
frame,20.218776,120996,156,2
frame,20.244898,121152,156,2
frame,20.271020,121308,156,2
frame,20.297143,121464,156,2
frame,20.323265,121620,156,2
frame,20.349388,121776,156,2
frame,20.375510,121932,156,2
frame,20.401633,122088,156,2
frame,20.427755,122244,156,2
frame,20.453878,122400,156,2
frame,20.480000,122556,156,2
frame,20.506122,122712,156,2
frame,20.532245,122868,156,2
frame,20.558367,123024,156,2
frame,20.584490,123180,156,2
frame,20.610612,123336,156,2
frame,20.636735,123492,156,2
frame,20.662857,123648,156,2
frame,20.688980,123804,156,2
frame,20.715102,123960,156,2
frame,20.741224,124116,156,2
frame,20.767347,124272,156,2
frame,20.793469,124428,156,2
frame,20.819592,124584,156,2
frame,20.845714,124740,156,2
frame,20.871837,124896,156,2
frame,20.897959,125052,156,2
frame,20.924082,125208,156,2
frame,20.950204,125364,156,2
frame,20.976327,125520,156,2
frame,21.002449,125676,156,2
frame,21.028571,125832,156,2
frame,21.054694,125988,156,2
frame,21.080816,126144,156,2
frame,21.106939,126300,156,2
frame,21.133061,126456,156,2
frame,21.159184,126612,156,2
frame,21.185306,126768,156,2
frame,21.211429,126924,156,2
frame,21.237551,127080,156,2
frame,21.263673,127236,156,2
frame,21.289796,127392,156,2
frame,21.315918,127548,156,2
frame,21.342041,127704,156,2
frame,21.368163,127860,156,2
frame,21.394286,128016,156,2
frame,21.420408,128172,156,2
frame,21.446531,128328,156,2
frame,21.472653,128484,156,2
frame,21.498776,128640,156,2
frame,21.524898,128796,156,2
frame,21.551020,128952,156,2
frame,21.577143,129108,156,2
frame,21.603265,129264,156,2
frame,21.629388,129420,156,2
frame,21.655510,129576,156,2
frame,21.681633,129732,156,2
frame,21.707755,129888,156,2
frame,21.733878,130044,156,2
frame,21.760000,130200,156,2
frame,21.786122,130356,156,2
frame,21.812245,130512,156,2
frame,21.838367,130668,156,2
frame,21.864490,130824,156,2
frame,21.890612,130980,156,2
frame,21.916735,131136,156,2
frame,21.942857,131292,156,2
frame,21.968980,131448,156,2
frame,21.995102,131604,156,2
frame,22.021224,131760,156,2
frame,22.047347,131916,156,2
frame,22.073469,132072,156,2
frame,22.099592,132228,156,2
frame,22.125714,132384,156,2
frame,22.151837,132540,156,2
frame,22.177959,132696,156,2
frame,22.204082,132852,156,2
frame,22.230204,133008,156,2
frame,22.256327,133164,156,2
frame,22.282449,133320,156,2
frame,22.308571,133476,156,2
frame,22.334694,133632,156,2
frame,22.360816,133788,156,2
frame,22.386939,133944,156,2
frame,22.413061,134100,156,2
frame,22.439184,134256,156,2
frame,22.465306,134412,156,2
frame,22.491429,134568,156,2
frame,22.517551,134724,156,2
frame,22.543673,134880,156,2
frame,22.569796,135036,156,2
frame,22.595918,135192,156,2
frame,22.622041,135348,156,2
frame,22.648163,135504,156,2
frame,22.674286,135660,156,2
frame,22.700408,135816,156,2
frame,22.726531,135972,156,2
frame,22.752653,136128,156,2
frame,22.778776,136284,156,2
frame,22.804898,136440,156,2
frame,22.831020,136596,156,2
frame,22.857143,136752,156,2
frame,22.883265,136908,156,2
frame,22.909388,137064,156,2
frame,22.935510,137220,156,2
frame,22.961633,137376,156,2
frame,22.987755,137532,156,2
frame,23.013878,137688,156,2
frame,23.040000,137844,156,2
frame,23.066122,138000,156,2
frame,23.092245,138156,156,2
frame,23.118367,138312,156,2
frame,23.144490,138468,156,2
frame,23.170612,138624,156,2
frame,23.196735,138780,156,2
frame,23.222857,138936,156,2
frame,23.248980,139092,156,2
frame,23.275102,139248,156,2
frame,23.301224,139404,156,2
frame,23.327347,139560,156,2
frame,23.353469,139716,156,2
frame,23.379592,139872,156,2
frame,23.405714,140028,156,2
frame,23.431837,140184,156,2
frame,23.457959,140340,156,2
frame,23.484082,140496,156,2
frame,23.510204,140652,156,2
frame,23.536327,140808,156,2
frame,23.562449,140964,156,2
frame,23.588571,141120,156,2
frame,23.614694,141276,156,2
frame,23.640816,141432,156,2
frame,23.666939,141588,156,2
frame,23.693061,141744,156,2
frame,23.719184,141900,156,2
frame,23.745306,142056,156,2
frame,23.771429,142212,156,2
frame,23.797551,142368,156,2
frame,23.823673,142524,156,2
frame,23.849796,142680,156,2
frame,23.875918,142836,156,2
frame,23.902041,142992,156,2
frame,23.928163,143148,156,2
frame,23.954286,143304,156,2
frame,23.980408,143460,156,2
frame,24.006531,143616,156,2
frame,24.032653,143772,156,2
frame,24.058776,143928,156,2
frame,24.084898,144084,156,2
frame,24.111020,144240,156,2
frame,24.137143,144396,156,2
frame,24.163265,144552,156,2
frame,24.189388,144708,156,2
frame,24.215510,144864,156,2
frame,24.241633,145020,156,2
frame,24.267755,145176,156,2
frame,24.293878,145332,156,2
frame,24.320000,145488,156,2
frame,24.346122,145644,156,2
frame,24.372245,145800,156,2
frame,24.398367,145956,156,2
frame,24.424490,146112,156,2
frame,24.450612,146268,156,2
frame,24.476735,146424,156,2
frame,24.502857,146580,156,2
frame,24.528980,146736,156,2
frame,24.555102,146892,156,2
frame,24.581224,147048,156,2
frame,24.607347,147204,156,2
frame,24.633469,147360,156,2
frame,24.659592,147516,156,2
frame,24.685714,147672,156,2
frame,24.711837,147828,156,2
frame,24.737959,147984,156,2
frame,24.764082,148140,156,2
frame,24.790204,148296,156,2
frame,24.816327,148452,156,2
frame,24.842449,148608,156,2
frame,24.868571,148764,156,2
frame,24.894694,148920,156,2
frame,24.920816,149076,156,2
frame,24.946939,149232,156,2
frame,24.973061,149388,156,2
frame,24.999184,149544,156,2
frame,25.025306,149700,156,2
frame,25.051429,149856,156,2
frame,25.077551,150012,156,2
frame,25.103673,150168,156,2
frame,25.129796,150324,156,2
frame,25.155918,150480,156,2
frame,25.182041,150636,156,2
frame,25.208163,150792,156,2
frame,25.234286,150948,156,2
frame,25.260408,151104,156,2
frame,25.286531,151260,156,2
frame,25.312653,151416,156,2
frame,25.338776,151572,156,2
frame,25.364898,151728,156,2
frame,25.391020,151884,156,2
frame,25.417143,152040,156,2
frame,25.443265,152196,156,2
frame,25.469388,152352,156,2
frame,25.495510,152508,156,2
frame,25.521633,152664,156,2
frame,25.547755,152820,156,2
frame,25.573878,152976,156,2
frame,25.600000,153132,156,2
frame,25.626122,153288,156,2
frame,25.652245,153444,156,2
frame,25.678367,153600,156,2
frame,25.704490,153756,156,2
frame,25.730612,153912,156,2
frame,25.756735,154068,156,2
frame,25.782857,154224,156,2
frame,25.808980,154380,156,2
frame,25.835102,154536,156,2
frame,25.861224,154692,156,2
frame,25.887347,154848,156,2
frame,25.913469,155004,156,2
frame,25.939592,155160,156,2
frame,25.965714,155316,156,2
frame,25.991837,155472,156,2
frame,26.017959,155628,156,2
frame,26.044082,155784,156,2
frame,26.070204,155940,156,2
frame,26.096327,156096,156,2
frame,26.122449,156252,156,2
frame,26.148571,156408,156,2
frame,26.174694,156564,156,2
frame,26.200816,156720,156,2
frame,26.226939,156876,156,2
frame,26.253061,157032,156,2
frame,26.279184,157188,156,2
frame,26.305306,157344,156,2
frame,26.331429,157500,156,2
frame,26.357551,157656,156,2
frame,26.383673,157812,156,2
frame,26.409796,157968,156,2
frame,26.435918,158124,156,2
frame,26.462041,158280,156,2
frame,26.488163,158436,156,2
frame,26.514286,158592,156,2
frame,26.540408,158748,156,2
frame,26.566531,158904,156,2
frame,26.592653,159060,156,2
frame,26.618776,159216,156,2
frame,26.644898,159372,156,2
frame,26.671020,159528,156,2
frame,26.697143,159684,156,2
frame,26.723265,159840,156,2
frame,26.749388,159996,156,2
frame,26.775510,160152,156,2
frame,26.801633,160308,156,2
frame,26.827755,160464,156,2
frame,26.853878,160620,156,2
frame,26.880000,160776,156,2
frame,26.906122,160932,156,2
frame,26.932245,161088,156,2
frame,26.958367,161244,156,2
frame,26.984490,161400,156,2
frame,27.010612,161556,156,2
frame,27.036735,161712,156,2
frame,27.062857,161868,156,2
frame,27.088980,162024,156,2
frame,27.115102,162180,156,2
frame,27.141224,162336,156,2
frame,27.167347,162492,156,2
frame,27.193469,162648,156,2
frame,27.219592,162804,156,2
frame,27.245714,162960,156,2
frame,27.271837,163116,156,2
frame,27.297959,163272,156,2
frame,27.324082,163428,156,2
frame,27.350204,163584,156,2
frame,27.376327,163740,156,2
frame,27.402449,163896,156,2
frame,27.428571,164052,156,2
frame,27.454694,164208,156,2
frame,27.480816,164364,156,2
frame,27.506939,164520,156,2
frame,27.533061,164676,156,2
frame,27.559184,164832,156,2
frame,27.585306,164988,156,2
frame,27.611429,165144,156,2
frame,27.637551,165300,156,2
frame,27.663673,165456,156,2
frame,27.689796,165612,156,2
frame,27.715918,165768,156,2
frame,27.742041,165924,156,2
frame,27.768163,166080,156,2
frame,27.794286,166236,156,2
frame,27.820408,166392,156,2
frame,27.846531,166548,156,2
frame,27.872653,166704,156,2
frame,27.898776,166860,156,2
frame,27.924898,167016,156,2
frame,27.951020,167172,156,2
frame,27.977143,167328,156,2
frame,28.003265,167484,156,2
frame,28.029388,167640,156,2
frame,28.055510,167796,156,2
frame,28.081633,167952,156,2
frame,28.107755,168108,156,2
frame,28.133878,168264,156,2
frame,28.160000,168420,156,2
frame,28.186122,168576,156,2
frame,28.212245,168732,156,2
frame,28.238367,168888,156,2
frame,28.264490,169044,156,2
frame,28.290612,169200,156,2
frame,28.316735,169356,156,2
frame,28.342857,169512,156,2
frame,28.368980,169668,156,2
frame,28.395102,169824,156,2
frame,28.421224,169980,156,2
frame,28.447347,170136,156,2
frame,28.473469,170292,156,2
frame,28.499592,170448,156,2
frame,28.525714,170604,156,2
frame,28.551837,170760,156,2
frame,28.577959,170916,156,2
frame,28.604082,171072,156,2
frame,28.630204,171228,156,2
frame,28.656327,171384,156,2
frame,28.682449,171540,156,2
frame,28.708571,171696,156,2
frame,28.734694,171852,156,2
frame,28.760816,172008,156,2
frame,28.786939,172164,156,2
frame,28.813061,172320,156,2
frame,28.839184,172476,156,2
frame,28.865306,172632,156,2
frame,28.891429,172788,156,2
frame,28.917551,172944,156,2
frame,28.943673,173100,156,2
frame,28.969796,173256,156,2
frame,28.995918,173412,156,2
frame,29.022041,173568,156,2
frame,29.048163,173724,156,2
frame,29.074286,173880,156,2
frame,29.100408,174036,156,2
frame,29.126531,174192,156,2
frame,29.152653,174348,156,2
frame,29.178776,174504,156,2
frame,29.204898,174660,156,2
frame,29.231020,174816,156,2
frame,29.257143,174972,156,2
frame,29.283265,175128,156,2
frame,29.309388,175284,156,2
frame,29.335510,175440,156,2
frame,29.361633,175596,156,2
frame,29.387755,175752,156,2
frame,29.413878,175908,156,2
frame,29.440000,176064,156,2
frame,29.466122,176220,156,2
frame,29.492245,176376,156,2
frame,29.518367,176532,156,2
frame,29.544490,176688,156,2
frame,29.570612,176844,156,2
frame,29.596735,177000,156,2
frame,29.622857,177156,156,2
frame,29.648980,177312,156,2
frame,29.675102,177468,156,2
frame,29.701224,177624,156,2
frame,29.727347,177780,156,2
frame,29.753469,177936,156,2
frame,29.779592,178092,156,2
frame,29.805714,178248,156,2
frame,29.831837,178404,156,2
frame,29.857959,178560,156,2
frame,29.884082,178716,156,2
frame,29.910204,178872,156,2
frame,29.936327,179028,156,2
frame,29.962449,179184,156,2
frame,29.988571,179340,156,2
frame,30.014694,179496,156,2
frame,30.040816,179652,156,2
frame,30.066939,179808,156,2
frame,30.093061,179964,156,2
frame,30.119184,180120,156,2
frame,30.145306,180276,156,2
frame,30.171429,180432,156,2
frame,30.197551,180588,156,2
frame,30.223673,180744,156,2
frame,30.249796,180900,156,2
frame,30.275918,181056,156,2
frame,30.302041,181212,156,2
frame,30.328163,181368,156,2
frame,30.354286,181524,156,2
frame,30.380408,181680,156,2
frame,30.406531,181836,156,2
frame,30.432653,181992,156,2
frame,30.458776,182148,156,2
frame,30.484898,182304,156,2
frame,30.511020,182460,156,2
frame,30.537143,182616,156,2
frame,30.563265,182772,156,2
frame,30.589388,182928,156,2
frame,30.615510,183084,156,2
frame,30.641633,183240,156,2
frame,30.667755,183396,156,2
frame,30.693878,183552,156,2
frame,30.720000,183708,156,2
frame,30.746122,183864,156,2
frame,30.772245,184020,156,2
frame,30.798367,184176,156,2
frame,30.824490,184332,156,2
frame,30.850612,184488,156,2
frame,30.876735,184644,156,2
frame,30.902857,184800,156,2
frame,30.928980,184956,156,2
frame,30.955102,185112,156,2
frame,30.981224,185268,156,2
frame,31.007347,185424,156,2
frame,31.033469,185580,156,2
frame,31.059592,185736,156,2
frame,31.085714,185892,156,2
frame,31.111837,186048,156,2
frame,31.137959,186204,156,2
frame,31.164082,186360,156,2
frame,31.190204,186516,156,2
frame,31.216327,186672,156,2
frame,31.242449,186828,156,2
frame,31.268571,186984,156,2
frame,31.294694,187140,156,2
frame,31.320816,187296,156,2
frame,31.346939,187452,156,2
frame,31.373061,187608,156,2
frame,31.399184,187764,156,2
frame,31.425306,187920,156,2
frame,31.451429,188076,156,2
frame,31.477551,188232,156,2
frame,31.503673,188388,156,2
frame,31.529796,188544,156,2
frame,31.555918,188700,156,2
frame,31.582041,188856,156,2
frame,31.608163,189012,156,2
frame,31.634286,189168,156,2
frame,31.660408,189324,156,2
frame,31.686531,189480,156,2
frame,31.712653,189636,156,2
frame,31.738776,189792,156,2
frame,31.764898,189948,156,2
frame,31.791020,190104,156,2
frame,31.817143,190260,156,2
frame,31.843265,190416,156,2
frame,31.869388,190572,156,2
frame,31.895510,190728,156,2
frame,31.921633,190884,156,2
frame,31.947755,191040,156,2
frame,31.973878,191196,156,2
frame,32.000000,191352,156,2
frame,32.026122,191508,156,2
frame,32.052245,191664,156,2
frame,32.078367,191820,156,2
frame,32.104490,191976,156,2
frame,32.130612,192132,156,2
frame,32.156735,192288,156,2
frame,32.182857,192444,156,2
frame,32.208980,192600,156,2
frame,32.235102,192756,156,2
frame,32.261224,192912,156,2
frame,32.287347,193068,156,2
frame,32.313469,193224,156,2
frame,32.339592,193380,156,2
frame,32.365714,193536,156,2
frame,32.391837,193692,156,2
frame,32.417959,193848,156,2
frame,32.444082,194004,156,2
frame,32.470204,194160,156,2
frame,32.496327,194316,156,2
frame,32.522449,194472,156,2
frame,32.548571,194628,156,2
frame,32.574694,194784,156,2
frame,32.600816,194940,156,2
frame,32.626939,195096,156,2
frame,32.653061,195252,156,2
frame,32.679184,195408,156,2
frame,32.705306,195564,156,2
frame,32.731429,195720,156,2
frame,32.757551,195876,156,2
frame,32.783673,196032,156,2
frame,32.809796,196188,156,2
frame,32.835918,196344,156,2
frame,32.862041,196500,156,2
frame,32.888163,196656,156,2
frame,32.914286,196812,156,2
frame,32.940408,196968,156,2
frame,32.966531,197124,156,2
frame,32.992653,197280,156,2
frame,33.018776,197436,156,2
frame,33.044898,197592,156,2
frame,33.071020,197748,156,2
frame,33.097143,197904,156,2
frame,33.123265,198060,156,2
frame,33.149388,198216,156,2
frame,33.175510,198372,156,2
frame,33.201633,198528,156,2
frame,33.227755,198684,156,2
frame,33.253878,198840,156,2
frame,33.280000,198996,156,2
frame,33.306122,199152,156,2
frame,33.332245,199308,156,2
frame,33.358367,199464,156,2
frame,33.384490,199620,156,2
frame,33.410612,199776,156,2
frame,33.436735,199932,156,2
frame,33.462857,200088,156,2
frame,33.488980,200244,156,2
frame,33.515102,200400,156,2
frame,33.541224,200556,156,2
frame,33.567347,200712,156,2
frame,33.593469,200868,156,2
frame,33.619592,201024,156,2
frame,33.645714,201180,156,2
frame,33.671837,201336,156,2
frame,33.697959,201492,156,2
frame,33.724082,201648,156,2
frame,33.750204,201804,156,2
frame,33.776327,201960,156,2
frame,33.802449,202116,156,2
frame,33.828571,202272,156,2
frame,33.854694,202428,156,2
frame,33.880816,202584,156,2
frame,33.906939,202740,156,2
frame,33.933061,202896,156,2
frame,33.959184,203052,156,2
frame,33.985306,203208,156,2
frame,34.011429,203364,156,2
frame,34.037551,203520,156,2
frame,34.063673,203676,156,2
frame,34.089796,203832,156,2
frame,34.115918,203988,156,2
frame,34.142041,204144,156,2
frame,34.168163,204300,156,2
frame,34.194286,204456,156,2
frame,34.220408,204612,156,2
frame,34.246531,204768,156,2
frame,34.272653,204924,156,2
frame,34.298776,205080,156,2
frame,34.324898,205236,156,2
frame,34.351020,205392,156,2
frame,34.377143,205548,156,2
frame,34.403265,205704,156,2
frame,34.429388,205860,156,2
frame,34.455510,206016,156,2
frame,34.481633,206172,156,2
frame,34.507755,206328,156,2
frame,34.533878,206484,156,2
frame,34.560000,206640,156,2
frame,34.586122,206796,156,2
frame,34.612245,206952,156,2
frame,34.638367,207108,156,2
frame,34.664490,207264,156,2
frame,34.690612,207420,156,2
frame,34.716735,207576,156,2
frame,34.742857,207732,156,2
frame,34.768980,207888,156,2
frame,34.795102,208044,156,2
frame,34.821224,208200,156,2
frame,34.847347,208356,156,2
frame,34.873469,208512,156,2
frame,34.899592,208668,156,2
frame,34.925714,208824,156,2
frame,34.951837,208980,156,2
frame,34.977959,209136,156,2
frame,35.004082,209292,156,2
frame,35.030204,209448,156,2
frame,35.056327,209604,156,2
frame,35.082449,209760,156,2
frame,35.108571,209916,156,2
frame,35.134694,210072,156,2
frame,35.160816,210228,156,2
frame,35.186939,210384,156,2
frame,35.213061,210540,156,2
frame,35.239184,210696,156,2
frame,35.265306,210852,156,2
frame,35.291429,211008,156,2
frame,35.317551,211164,156,2
frame,35.343673,211320,156,2
frame,35.369796,211476,156,2
frame,35.395918,211632,156,2
frame,35.422041,211788,156,2
frame,35.448163,211944,156,2
frame,35.474286,212100,156,2
frame,35.500408,212256,156,2
frame,35.526531,212412,156,2
frame,35.552653,212568,156,2
frame,35.578776,212724,156,2
frame,35.604898,212880,156,2
frame,35.631020,213036,156,2
frame,35.657143,213192,156,2
frame,35.683265,213348,156,2
frame,35.709388,213504,156,2
frame,35.735510,213660,156,2
frame,35.761633,213816,156,2
frame,35.787755,213972,156,2
frame,35.813878,214128,156,2
frame,35.840000,214284,156,2
frame,35.866122,214440,156,2
frame,35.892245,214596,156,2
frame,35.918367,214752,156,2
frame,35.944490,214908,156,2
frame,35.970612,215064,156,2
frame,35.996735,215220,156,2
frame,36.022857,215376,156,2
frame,36.048980,215532,156,2
frame,36.075102,215688,156,2
frame,36.101224,215844,156,2
frame,36.127347,216000,156,2
frame,36.153469,216156,156,2
frame,36.179592,216312,156,2
frame,36.205714,216468,156,2
frame,36.231837,216624,156,2
frame,36.257959,216780,156,2
frame,36.284082,216936,156,2
frame,36.310204,217092,156,2
frame,36.336327,217248,156,2
frame,36.362449,217404,156,2
frame,36.388571,217560,156,2
frame,36.414694,217716,156,2
frame,36.440816,217872,156,2
frame,36.466939,218028,156,2
frame,36.493061,218184,156,2
frame,36.519184,218340,156,2
frame,36.545306,218496,156,2
frame,36.571429,218652,156,2
frame,36.597551,218808,156,2
frame,36.623673,218964,156,2
frame,36.649796,219120,156,2
frame,36.675918,219276,156,2
frame,36.702041,219432,156,2
frame,36.728163,219588,156,2
frame,36.754286,219744,156,2
frame,36.780408,219900,156,2
frame,36.806531,220056,156,2
frame,36.832653,220212,156,2
frame,36.858776,220368,156,2
frame,36.884898,220524,156,2
frame,36.911020,220680,156,2
frame,36.937143,220836,156,2
frame,36.963265,220992,156,2
frame,36.989388,221148,156,2
frame,37.015510,221304,156,2
frame,37.041633,221460,156,2
frame,37.067755,221616,156,2
frame,37.093878,221772,156,2
frame,37.120000,221928,156,2
frame,37.146122,222084,156,2
frame,37.172245,222240,156,2
frame,37.198367,222396,156,2
frame,37.224490,222552,156,2
frame,37.250612,222708,156,2
frame,37.276735,222864,156,2
frame,37.302857,223020,156,2
frame,37.328980,223176,156,2
frame,37.355102,223332,156,2
frame,37.381224,223488,156,2
frame,37.407347,223644,156,2
frame,37.433469,223800,156,2
frame,37.459592,223956,156,2
frame,37.485714,224112,156,2
frame,37.511837,224268,156,2
frame,37.537959,224424,156,2
frame,37.564082,224580,156,2
frame,37.590204,224736,156,2
frame,37.616327,224892,156,2
frame,37.642449,225048,156,2
frame,37.668571,225204,156,2
frame,37.694694,225360,156,2
frame,37.720816,225516,156,2
frame,37.746939,225672,156,2
frame,37.773061,225828,156,2
frame,37.799184,225984,156,2
frame,37.825306,226140,156,2
frame,37.851429,226296,156,2
frame,37.877551,226452,156,2
frame,37.903673,226608,156,2
frame,37.929796,226764,156,2
frame,37.955918,226920,156,2
frame,37.982041,227076,156,2
frame,38.008163,227232,156,2
frame,38.034286,227388,156,2
frame,38.060408,227544,156,2
frame,38.086531,227700,156,2
frame,38.112653,227856,156,2
frame,38.138776,228012,156,2
frame,38.164898,228168,156,2
frame,38.191020,228324,156,2
frame,38.217143,228480,156,2
frame,38.243265,228636,156,2
frame,38.269388,228792,156,2
frame,38.295510,228948,156,2
frame,38.321633,229104,156,2
frame,38.347755,229260,156,2
frame,38.373878,229416,156,2
frame,38.400000,229572,156,2
frame,38.426122,229728,156,2
frame,38.452245,229884,156,2
frame,38.478367,230040,156,2
frame,38.504490,230196,156,2
frame,38.530612,230352,156,2
frame,38.556735,230508,156,2
frame,38.582857,230664,156,2
frame,38.608980,230820,156,2
frame,38.635102,230976,156,2
frame,38.661224,231132,156,2
frame,38.687347,231288,156,2
frame,38.713469,231444,156,2
frame,38.739592,231600,156,2
frame,38.765714,231756,156,2
frame,38.791837,231912,156,2
frame,38.817959,232068,156,2
frame,38.844082,232224,156,2
frame,38.870204,232380,156,2
frame,38.896327,232536,156,2
frame,38.922449,232692,156,2
frame,38.948571,232848,156,2
frame,38.974694,233004,156,2
frame,39.000816,233160,156,2
frame,39.026939,233316,156,2
frame,39.053061,233472,156,2
frame,39.079184,233628,156,2
frame,39.105306,233784,156,2
frame,39.131429,233940,156,2
frame,39.157551,234096,156,2
frame,39.183673,234252,156,2
frame,39.209796,234408,156,2
frame,39.235918,234564,156,2
frame,39.262041,234720,156,2
frame,39.288163,234876,156,2
frame,39.314286,235032,156,2
frame,39.340408,235188,156,2
frame,39.366531,235344,156,2
frame,39.392653,235500,156,2
frame,39.418776,235656,156,2
frame,39.444898,235812,156,2
frame,39.471020,235968,156,2
frame,39.497143,236124,156,2
frame,39.523265,236280,156,2
frame,39.549388,236436,156,2
frame,39.575510,236592,156,2
frame,39.601633,236748,156,2
frame,39.627755,236904,156,2
frame,39.653878,237060,156,2
frame,39.680000,237216,156,2
frame,39.706122,237372,156,2
frame,39.732245,237528,156,2
frame,39.758367,237684,156,2
frame,39.784490,237840,156,2
frame,39.810612,237996,156,2
frame,39.836735,238152,156,2
frame,39.862857,238308,156,2
frame,39.888980,238464,156,2
frame,39.915102,238620,156,2
frame,39.941224,238776,156,2
frame,39.967347,238932,156,2
frame,39.993469,239088,156,2
frame,40.019592,239244,156,2
frame,40.045714,239400,156,2
frame,40.071837,239556,156,2
frame,40.097959,239712,156,2
frame,40.124082,239868,156,2
frame,40.150204,240024,156,2
frame,40.176327,240180,156,2
frame,40.202449,240336,156,2
frame,40.228571,240492,156,2
frame,40.254694,240648,156,2
frame,40.280816,240804,156,2
frame,40.306939,240960,156,2
frame,40.333061,241116,156,2
frame,40.359184,241272,156,2
frame,40.385306,241428,156,2
frame,40.411429,241584,156,2
frame,40.437551,241740,156,2
frame,40.463673,241896,156,2
frame,40.489796,242052,156,2
frame,40.515918,242208,156,2
frame,40.542041,242364,156,2
frame,40.568163,242520,156,2
frame,40.594286,242676,156,2
frame,40.620408,242832,156,2
frame,40.646531,242988,156,2
frame,40.672653,243144,156,2
frame,40.698776,243300,156,2
frame,40.724898,243456,156,2
frame,40.751020,243612,156,2
frame,40.777143,243768,156,2
frame,40.803265,243924,156,2
frame,40.829388,244080,156,2
frame,40.855510,244236,156,2
frame,40.881633,244392,156,2
frame,40.907755,244548,156,2
frame,40.933878,244704,156,2
frame,40.960000,244860,156,2
frame,40.986122,245016,156,2
frame,41.012245,245172,156,2
frame,41.038367,245328,156,2
frame,41.064490,245484,156,2
frame,41.090612,245640,156,2
frame,41.116735,245796,156,2
frame,41.142857,245952,156,2
frame,41.168980,246108,156,2
frame,41.195102,246264,156,2
frame,41.221224,246420,156,2
frame,41.247347,246576,156,2
frame,41.273469,246732,156,2
frame,41.299592,246888,156,2
frame,41.325714,247044,156,2
frame,41.351837,247200,156,2
frame,41.377959,247356,156,2
frame,41.404082,247512,156,2
frame,41.430204,247668,156,2
frame,41.456327,247824,156,2
frame,41.482449,247980,156,2
frame,41.508571,248136,156,2
frame,41.534694,248292,156,2
frame,41.560816,248448,156,2
frame,41.586939,248604,156,2
frame,41.613061,248760,156,2
frame,41.639184,248916,156,2
frame,41.665306,249072,156,2
frame,41.691429,249228,156,2
frame,41.717551,249384,156,2
frame,41.743673,249540,156,2
frame,41.769796,249696,156,2
frame,41.795918,249852,156,2
frame,41.822041,250008,156,2
frame,41.848163,250164,156,2
frame,41.874286,250320,156,2
frame,41.900408,250476,156,2
frame,41.926531,250632,156,2
frame,41.952653,250788,156,2
frame,41.978776,250944,156,2
frame,42.004898,251100,156,2
frame,42.031020,251256,156,2
frame,42.057143,251412,156,2
frame,42.083265,251568,156,2
frame,42.109388,251724,156,2
frame,42.135510,251880,156,2
frame,42.161633,252036,156,2
frame,42.187755,252192,156,2
frame,42.213878,252348,156,2
frame,42.240000,252504,156,2
frame,42.266122,252660,156,2
frame,42.292245,252816,156,2
frame,42.318367,252972,156,2
frame,42.344490,253128,156,2
frame,42.370612,253284,156,2
frame,42.396735,253440,156,2
frame,42.422857,253596,156,2
frame,42.448980,253752,156,2
frame,42.475102,253908,156,2
frame,42.501224,254064,156,2
frame,42.527347,254220,156,2
frame,42.553469,254376,156,2
frame,42.579592,254532,156,2
frame,42.605714,254688,156,2
frame,42.631837,254844,156,2
frame,42.657959,255000,156,2
frame,42.684082,255156,156,2
frame,42.710204,255312,156,2
frame,42.736327,255468,156,2
frame,42.762449,255624,156,2
frame,42.788571,255780,156,2
frame,42.814694,255936,156,2
frame,42.840816,256092,156,2
frame,42.866939,256248,156,2
frame,42.893061,256404,156,2
frame,42.919184,256560,156,2
frame,42.945306,256716,156,2
frame,42.971429,256872,156,2
frame,42.997551,257028,156,2
frame,43.023673,257184,156,2
frame,43.049796,257340,156,2
frame,43.075918,257496,156,2
frame,43.102041,257652,156,2
frame,43.128163,257808,156,2
frame,43.154286,257964,156,2
frame,43.180408,258120,156,2
frame,43.206531,258276,156,2
frame,43.232653,258432,156,2
frame,43.258776,258588,156,2
frame,43.284898,258744,156,2
frame,43.311020,258900,156,2
frame,43.337143,259056,156,2
frame,43.363265,259212,156,2
frame,43.389388,259368,156,2
frame,43.415510,259524,156,2
frame,43.441633,259680,156,2
frame,43.467755,259836,156,2
frame,43.493878,259992,156,2
frame,43.520000,260148,156,2
frame,43.546122,260304,156,2
frame,43.572245,260460,156,2
frame,43.598367,260616,156,2
frame,43.624490,260772,156,2
frame,43.650612,260928,156,2
frame,43.676735,261084,156,2
frame,43.702857,261240,156,2
frame,43.728980,261396,156,2
frame,43.755102,261552,156,2
frame,43.781224,261708,156,2
frame,43.807347,261864,156,2
frame,43.833469,262020,156,2
frame,43.859592,262176,156,2
frame,43.885714,262332,156,2
frame,43.911837,262488,156,2
frame,43.937959,262644,156,2
frame,43.964082,262800,156,2
frame,43.990204,262956,156,2
frame,44.016327,263112,156,2
frame,44.042449,263268,156,2
frame,44.068571,263424,156,2
frame,44.094694,263580,156,2
frame,44.120816,263736,156,2
frame,44.146939,263892,156,2
frame,44.173061,264048,156,2
frame,44.199184,264204,156,2
frame,44.225306,264360,156,2
frame,44.251429,264516,156,2
frame,44.277551,264672,156,2
frame,44.303673,264828,156,2
frame,44.329796,264984,156,2
frame,44.355918,265140,156,2
frame,44.382041,265296,156,2
frame,44.408163,265452,156,2
frame,44.434286,265608,156,2
frame,44.460408,265764,156,2
frame,44.486531,265920,156,2
frame,44.512653,266076,156,2
frame,44.538776,266232,156,2
frame,44.564898,266388,156,2
frame,44.591020,266544,156,2
frame,44.617143,266700,156,2
frame,44.643265,266856,156,2
frame,44.669388,267012,156,2
frame,44.695510,267168,156,2
frame,44.721633,267324,156,2
frame,44.747755,267480,156,2
frame,44.773878,267636,156,2
frame,44.800000,267792,156,2
frame,44.826122,267948,156,2
frame,44.852245,268104,156,2
frame,44.878367,268260,156,2
frame,44.904490,268416,156,2
frame,44.930612,268572,156,2
frame,44.956735,268728,156,2
frame,44.982857,268884,156,2
frame,45.008980,269040,156,2
frame,45.035102,269196,156,2
frame,45.061224,269352,156,2
frame,45.087347,269508,156,2
frame,45.113469,269664,156,2
frame,45.139592,269820,156,2
frame,45.165714,269976,156,2
frame,45.191837,270132,156,2
frame,45.217959,270288,156,2
frame,45.244082,270444,156,2
frame,45.270204,270600,156,2
frame,45.296327,270756,156,2
frame,45.322449,270912,156,2
frame,45.348571,271068,156,2
frame,45.374694,271224,156,2
frame,45.400816,271380,156,2
frame,45.426939,271536,156,2
frame,45.453061,271692,156,2
frame,45.479184,271848,156,2
frame,45.505306,272004,156,2
frame,45.531429,272160,156,2
frame,45.557551,272316,156,2
frame,45.583673,272472,156,2
frame,45.609796,272628,156,2
frame,45.635918,272784,156,2
frame,45.662041,272940,156,2
frame,45.688163,273096,156,2
frame,45.714286,273252,156,2
frame,45.740408,273408,156,2
frame,45.766531,273564,156,2
frame,45.792653,273720,156,2
frame,45.818776,273876,156,2
frame,45.844898,274032,156,2
frame,45.871020,274188,156,2
frame,45.897143,274344,156,2
frame,45.923265,274500,156,2
frame,45.949388,274656,156,2
frame,45.975510,274812,156,2
frame,46.001633,274968,156,2
frame,46.027755,275124,156,2
frame,46.053878,275280,156,2
frame,46.080000,275436,156,2
frame,46.106122,275592,156,2
frame,46.132245,275748,156,2
frame,46.158367,275904,156,2
frame,46.184490,276060,156,2
frame,46.210612,276216,156,2
frame,46.236735,276372,156,2
frame,46.262857,276528,156,2
frame,46.288980,276684,156,2
frame,46.315102,276840,156,2
frame,46.341224,276996,156,2
frame,46.367347,277152,156,2
frame,46.393469,277308,156,2
frame,46.419592,277464,156,2
frame,46.445714,277620,156,2
frame,46.471837,277776,156,2
frame,46.497959,277932,156,2
frame,46.524082,278088,156,2
frame,46.550204,278244,156,2
frame,46.576327,278400,156,2
frame,46.602449,278556,156,2
frame,46.628571,278712,156,2
frame,46.654694,278868,156,2
frame,46.680816,279024,156,2
frame,46.706939,279180,156,2
frame,46.733061,279336,156,2
frame,46.759184,279492,156,2
frame,46.785306,279648,156,2
frame,46.811429,279804,156,2
frame,46.837551,279960,156,2
frame,46.863673,280116,156,2
frame,46.889796,280272,156,2
frame,46.915918,280428,156,2
frame,46.942041,280584,156,2
frame,46.968163,280740,156,2
frame,46.994286,280896,156,2
frame,47.020408,281052,156,2
frame,47.046531,281208,156,2
frame,47.072653,281364,156,2
frame,47.098776,281520,156,2
frame,47.124898,281676,156,2
frame,47.151020,281832,156,2
frame,47.177143,281988,156,2
frame,47.203265,282144,156,2
frame,47.229388,282300,156,2
frame,47.255510,282456,156,2
frame,47.281633,282612,156,2
frame,47.307755,282768,156,2
frame,47.333878,282924,156,2
frame,47.360000,283080,156,2
frame,47.386122,283236,156,2
frame,47.412245,283392,156,2
frame,47.438367,283548,156,2
frame,47.464490,283704,156,2
frame,47.490612,283860,156,2
frame,47.516735,284016,156,2
frame,47.542857,284172,156,2
frame,47.568980,284328,156,2
frame,47.595102,284484,156,2
frame,47.621224,284640,156,2
frame,47.647347,284796,156,2
frame,47.673469,284952,156,2
frame,47.699592,285108,156,2
frame,47.725714,285264,156,2
frame,47.751837,285420,156,2
frame,47.777959,285576,156,2
frame,47.804082,285732,156,2
frame,47.830204,285888,156,2
frame,47.856327,286044,156,2
frame,47.882449,286200,156,2
frame,47.908571,286356,156,2
frame,47.934694,286512,156,2
frame,47.960816,286668,156,2
frame,47.986939,286824,156,2
frame,48.013061,286980,156,2
frame,48.039184,287136,156,2
frame,48.065306,287292,156,2
frame,48.091429,287448,156,2
frame,48.117551,287604,156,2
frame,48.143673,287760,156,2
frame,48.169796,287916,156,2
frame,48.195918,288072,156,2
frame,48.222041,288228,156,2
frame,48.248163,288384,156,2
frame,48.274286,288540,156,2
frame,48.300408,288696,156,2
frame,48.326531,288852,156,2
frame,48.352653,289008,156,2
frame,48.378776,289164,156,2
frame,48.404898,289320,156,2
frame,48.431020,289476,156,2
frame,48.457143,289632,156,2
frame,48.483265,289788,156,2
frame,48.509388,289944,156,2
frame,48.535510,290100,156,2
frame,48.561633,290256,156,2
frame,48.587755,290412,156,2
frame,48.613878,290568,156,2
frame,48.640000,290724,156,2
frame,48.666122,290880,156,2
frame,48.692245,291036,156,2
frame,48.718367,291192,156,2
frame,48.744490,291348,156,2
frame,48.770612,291504,156,2
frame,48.796735,291660,156,2
frame,48.822857,291816,156,2
frame,48.848980,291972,156,2
frame,48.875102,292128,156,2
frame,48.901224,292284,156,2
frame,48.927347,292440,156,2
frame,48.953469,292596,156,2
frame,48.979592,292752,156,2
frame,49.005714,292908,156,2
frame,49.031837,293064,156,2
frame,49.057959,293220,156,2
frame,49.084082,293376,156,2
frame,49.110204,293532,156,2
frame,49.136327,293688,156,2
frame,49.162449,293844,156,2
frame,49.188571,294000,156,2
frame,49.214694,294156,156,2
frame,49.240816,294312,156,2
frame,49.266939,294468,156,2
frame,49.293061,294624,156,2
frame,49.319184,294780,156,2
frame,49.345306,294936,156,2
frame,49.371429,295092,156,2
frame,49.397551,295248,156,2
frame,49.423673,295404,156,2
frame,49.449796,295560,156,2
frame,49.475918,295716,156,2
frame,49.502041,295872,156,2
frame,49.528163,296028,156,2
frame,49.554286,296184,156,2
frame,49.580408,296340,156,2
frame,49.606531,296496,156,2
frame,49.632653,296652,156,2
frame,49.658776,296808,156,2
frame,49.684898,296964,156,2
frame,49.711020,297120,156,2
frame,49.737143,297276,156,2
frame,49.763265,297432,156,2
frame,49.789388,297588,156,2
frame,49.815510,297744,156,2
frame,49.841633,297900,156,2
frame,49.867755,298056,156,2
frame,49.893878,298212,156,2
frame,49.920000,298368,156,2
frame,49.946122,298524,156,2
frame,49.972245,298680,156,2
frame,49.998367,298836,156,2
frame,50.024490,298992,156,2
frame,50.050612,299148,156,2
frame,50.076735,299304,156,2
frame,50.102857,299460,156,2
frame,50.128980,299616,156,2
frame,50.155102,299772,156,2
frame,50.181224,299928,156,2
frame,50.207347,300084,156,2
frame,50.233469,300240,156,2
frame,50.259592,300396,156,2
frame,50.285714,300552,156,2
frame,50.311837,300708,156,2
frame,50.337959,300864,156,2
frame,50.364082,301020,156,2
frame,50.390204,301176,156,2
frame,50.416327,301332,156,2
frame,50.442449,301488,156,2
frame,50.468571,301644,156,2
frame,50.494694,301800,156,2
frame,50.520816,301956,156,2
frame,50.546939,302112,156,2
frame,50.573061,302268,156,2
frame,50.599184,302424,156,2
frame,50.625306,302580,156,2
frame,50.651429,302736,156,2
frame,50.677551,302892,156,2
frame,50.703673,303048,156,2
frame,50.729796,303204,156,2
frame,50.755918,303360,156,2
frame,50.782041,303516,156,2
frame,50.808163,303672,156,2
frame,50.834286,303828,156,2
frame,50.860408,303984,156,2
frame,50.886531,304140,156,2
frame,50.912653,304296,156,2
frame,50.938776,304452,156,2
frame,50.964898,304608,156,2
frame,50.991020,304764,156,2
frame,51.017143,304920,156,2
frame,51.043265,305076,156,2
frame,51.069388,305232,156,2
frame,51.095510,305388,156,2
frame,51.121633,305544,156,2
frame,51.147755,305700,156,2
frame,51.173878,305856,156,2
frame,51.200000,306012,156,2
frame,51.226122,306168,156,2
frame,51.252245,306324,156,2
frame,51.278367,306480,156,2
frame,51.304490,306636,156,2
frame,51.330612,306792,156,2
frame,51.356735,306948,156,2
frame,51.382857,307104,156,2
frame,51.408980,307260,156,2
frame,51.435102,307416,156,2
frame,51.461224,307572,156,2
frame,51.487347,307728,156,2
frame,51.513469,307884,156,2
frame,51.539592,308040,156,2
frame,51.565714,308196,156,2
frame,51.591837,308352,156,2
frame,51.617959,308508,156,2
frame,51.644082,308664,156,2
frame,51.670204,308820,156,2
frame,51.696327,308976,156,2
frame,51.722449,309132,156,2
frame,51.748571,309288,156,2
frame,51.774694,309444,156,2
frame,51.800816,309600,156,2
frame,51.826939,309756,156,2
frame,51.853061,309912,156,2
frame,51.879184,310068,156,2
frame,51.905306,310224,156,2
frame,51.931429,310380,156,2
frame,51.957551,310536,156,2
frame,51.983673,310692,156,2
frame,52.009796,310848,156,2
frame,52.035918,311004,156,2
frame,52.062041,311160,156,2
frame,52.088163,311316,156,2
frame,52.114286,311472,156,2
frame,52.140408,311628,156,2
frame,52.166531,311784,156,2
frame,52.192653,311940,156,2
frame,52.218776,312096,156,2
frame,52.244898,312252,156,2
frame,52.271020,312408,156,2
frame,52.297143,312564,156,2
frame,52.323265,312720,156,2
frame,52.349388,312876,156,2
frame,52.375510,313032,156,2
frame,52.401633,313188,156,2
frame,52.427755,313344,156,2
frame,52.453878,313500,156,2
frame,52.480000,313656,156,2
frame,52.506122,313812,156,2
frame,52.532245,313968,156,2
frame,52.558367,314124,156,2
frame,52.584490,314280,156,2
frame,52.610612,314436,156,2
frame,52.636735,314592,156,2
frame,52.662857,314748,156,2
frame,52.688980,314904,156,2
frame,52.715102,315060,156,2
frame,52.741224,315216,156,2
frame,52.767347,315372,156,2
frame,52.793469,315528,156,2
frame,52.819592,315684,156,2
frame,52.845714,315840,156,2
frame,52.871837,315996,156,2
frame,52.897959,316152,156,2
frame,52.924082,316308,156,2
frame,52.950204,316464,156,2
frame,52.976327,316620,156,2
frame,53.002449,316776,156,2
frame,53.028571,316932,156,2
frame,53.054694,317088,156,2
frame,53.080816,317244,156,2
frame,53.106939,317400,156,2
frame,53.133061,317556,156,2
frame,53.159184,317712,156,2
frame,53.185306,317868,156,2
frame,53.211429,318024,156,2
frame,53.237551,318180,156,2
frame,53.263673,318336,156,2
frame,53.289796,318492,156,2
frame,53.315918,318648,156,2
frame,53.342041,318804,156,2
frame,53.368163,318960,156,2
frame,53.394286,319116,156,2
frame,53.420408,319272,156,2
frame,53.446531,319428,156,2
frame,53.472653,319584,156,2
frame,53.498776,319740,156,2
frame,53.524898,319896,156,2
frame,53.551020,320052,156,2
frame,53.577143,320208,156,2
frame,53.603265,320364,156,2
frame,53.629388,320520,156,2
frame,53.655510,320676,156,2
frame,53.681633,320832,156,2
frame,53.707755,320988,156,2
frame,53.733878,321144,156,2
frame,53.760000,321300,156,2
frame,53.786122,321456,156,2
frame,53.812245,321612,156,2
frame,53.838367,321768,156,2
frame,53.864490,321924,156,2
frame,53.890612,322080,156,2
frame,53.916735,322236,156,2
frame,53.942857,322392,156,2
frame,53.968980,322548,156,2
frame,53.995102,322704,156,2
frame,54.021224,322860,156,2
frame,54.047347,323016,156,2
frame,54.073469,323172,156,2
frame,54.099592,323328,156,2
frame,54.125714,323484,156,2
frame,54.151837,323640,156,2
frame,54.177959,323796,156,2
frame,54.204082,323952,156,2
frame,54.230204,324108,156,2
frame,54.256327,324264,156,2
frame,54.282449,324420,156,2
frame,54.308571,324576,156,2
frame,54.334694,324732,156,2
frame,54.360816,324888,156,2
frame,54.386939,325044,156,2
frame,54.413061,325200,156,2
frame,54.439184,325356,156,2
frame,54.465306,325512,156,2
frame,54.491429,325668,156,2
frame,54.517551,325824,156,2
frame,54.543673,325980,156,2
frame,54.569796,326136,156,2
frame,54.595918,326292,156,2
frame,54.622041,326448,156,2
frame,54.648163,326604,156,2
frame,54.674286,326760,156,2
frame,54.700408,326916,156,2
frame,54.726531,327072,156,2
frame,54.752653,327228,156,2
frame,54.778776,327384,156,2
frame,54.804898,327540,156,2
frame,54.831020,327696,156,2
frame,54.857143,327852,156,2
frame,54.883265,328008,156,2
frame,54.909388,328164,156,2
frame,54.935510,328320,156,2
frame,54.961633,328476,156,2
frame,54.987755,328632,156,2
frame,55.013878,328788,156,2
frame,55.040000,328944,156,2
frame,55.066122,329100,156,2
frame,55.092245,329256,156,2
frame,55.118367,329412,156,2
frame,55.144490,329568,156,2
frame,55.170612,329724,156,2
frame,55.196735,329880,156,2
frame,55.222857,330036,156,2
frame,55.248980,330192,156,2
frame,55.275102,330348,156,2
frame,55.301224,330504,156,2
frame,55.327347,330660,156,2
frame,55.353469,330816,156,2
frame,55.379592,330972,156,2
frame,55.405714,331128,156,2
frame,55.431837,331284,156,2
frame,55.457959,331440,156,2
frame,55.484082,331596,156,2
frame,55.510204,331752,156,2
frame,55.536327,331908,156,2
frame,55.562449,332064,156,2
frame,55.588571,332220,156,2
frame,55.614694,332376,156,2
frame,55.640816,332532,156,2
frame,55.666939,332688,156,2
frame,55.693061,332844,156,2
frame,55.719184,333000,156,2
frame,55.745306,333156,156,2
frame,55.771429,333312,156,2
frame,55.797551,333468,156,2
frame,55.823673,333624,156,2
frame,55.849796,333780,156,2
frame,55.875918,333936,156,2
frame,55.902041,334092,156,2
frame,55.928163,334248,156,2
frame,55.954286,334404,156,2
frame,55.980408,334560,156,2
frame,56.006531,334716,156,2
frame,56.032653,334872,156,2
frame,56.058776,335028,156,2
frame,56.084898,335184,156,2
frame,56.111020,335340,156,2
frame,56.137143,335496,156,2
frame,56.163265,335652,156,2
frame,56.189388,335808,156,2
frame,56.215510,335964,156,2
frame,56.241633,336120,156,2
frame,56.267755,336276,156,2
frame,56.293878,336432,156,2
frame,56.320000,336588,156,2
frame,56.346122,336744,156,2
frame,56.372245,336900,156,2
frame,56.398367,337056,156,2
frame,56.424490,337212,156,2
frame,56.450612,337368,156,2
frame,56.476735,337524,156,2
frame,56.502857,337680,156,2
frame,56.528980,337836,156,2
frame,56.555102,337992,156,2
frame,56.581224,338148,156,2
frame,56.607347,338304,156,2
frame,56.633469,338460,156,2
frame,56.659592,338616,156,2
frame,56.685714,338772,156,2
frame,56.711837,338928,156,2
frame,56.737959,339084,156,2
frame,56.764082,339240,156,2
frame,56.790204,339396,156,2
frame,56.816327,339552,156,2
frame,56.842449,339708,156,2
frame,56.868571,339864,156,2
frame,56.894694,340020,156,2
frame,56.920816,340176,156,2
frame,56.946939,340332,156,2
frame,56.973061,340488,156,2
frame,56.999184,340644,156,2
frame,57.025306,340800,156,2
frame,57.051429,340956,156,2
frame,57.077551,341112,156,2
frame,57.103673,341268,156,2
frame,57.129796,341424,156,2
frame,57.155918,341580,156,2
frame,57.182041,341736,156,2
frame,57.208163,341892,156,2
frame,57.234286,342048,156,2
frame,57.260408,342204,156,2
frame,57.286531,342360,156,2
frame,57.312653,342516,156,2
frame,57.338776,342672,156,2
frame,57.364898,342828,156,2
frame,57.391020,342984,156,2
frame,57.417143,343140,156,2
frame,57.443265,343296,156,2
frame,57.469388,343452,156,2
frame,57.495510,343608,156,2
frame,57.521633,343764,156,2
frame,57.547755,343920,156,2
frame,57.573878,344076,156,2
frame,57.600000,344232,156,2
frame,57.626122,344388,156,2
frame,57.652245,344544,156,2
frame,57.678367,344700,156,2
frame,57.704490,344856,156,2
frame,57.730612,345012,156,2
frame,57.756735,345168,156,2
frame,57.782857,345324,156,2
frame,57.808980,345480,156,2
frame,57.835102,345636,156,2
frame,57.861224,345792,156,2
frame,57.887347,345948,156,2
frame,57.913469,346104,156,2
frame,57.939592,346260,156,2
frame,57.965714,346416,156,2
frame,57.991837,346572,156,2
frame,58.017959,346728,156,2
frame,58.044082,346884,156,2
frame,58.070204,347040,156,2
frame,58.096327,347196,156,2
frame,58.122449,347352,156,2
frame,58.148571,347508,156,2
frame,58.174694,347664,156,2
frame,58.200816,347820,156,2
frame,58.226939,347976,156,2
frame,58.253061,348132,156,2
frame,58.279184,348288,156,2
frame,58.305306,348444,156,2
frame,58.331429,348600,156,2
frame,58.357551,348756,156,2
frame,58.383673,348912,156,2
frame,58.409796,349068,156,2
frame,58.435918,349224,156,2
frame,58.462041,349380,156,2
frame,58.488163,349536,156,2
frame,58.514286,349692,156,2
frame,58.540408,349848,156,2
frame,58.566531,350004,156,2
frame,58.592653,350160,156,2
frame,58.618776,350316,156,2
frame,58.644898,350472,156,2
frame,58.671020,350628,156,2
frame,58.697143,350784,156,2
frame,58.723265,350940,156,2
frame,58.749388,351096,156,2
frame,58.775510,351252,156,2
frame,58.801633,351408,156,2
frame,58.827755,351564,156,2
frame,58.853878,351720,156,2
frame,58.880000,351876,156,2
frame,58.906122,352032,156,2
frame,58.932245,352188,156,2
frame,58.958367,352344,156,2
frame,58.984490,352500,156,2
frame,59.010612,352656,156,2
frame,59.036735,352812,156,2
frame,59.062857,352968,156,2
frame,59.088980,353124,156,2
frame,59.115102,353280,156,2
frame,59.141224,353436,156,2
frame,59.167347,353592,156,2
frame,59.193469,353748,156,2
frame,59.219592,353904,156,2
frame,59.245714,354060,156,2
frame,59.271837,354216,156,2
frame,59.297959,354372,156,2
frame,59.324082,354528,156,2
frame,59.350204,354684,156,2
frame,59.376327,354840,156,2
frame,59.402449,354996,156,2
frame,59.428571,355152,156,2
frame,59.454694,355308,156,2
frame,59.480816,355464,156,2
frame,59.506939,355620,156,2
frame,59.533061,355776,156,2
frame,59.559184,355932,156,2
frame,59.585306,356088,156,2
frame,59.611429,356244,156,2
frame,59.637551,356400,156,2
frame,59.663673,356556,156,2
frame,59.689796,356712,156,2
frame,59.715918,356868,156,2
frame,59.742041,357024,156,2
frame,59.768163,357180,156,2
frame,59.794286,357336,156,2
frame,59.820408,357492,156,2
frame,59.846531,357648,156,2
frame,59.872653,357804,156,2
frame,59.898776,357960,156,2
frame,59.924898,358116,156,2
frame,59.951020,358272,156,2
frame,59.977143,358428,156,2
frame,60.003265,358584,156,2
frame,60.029388,358740,156,2
frame,60.055510,358896,156,2
frame,60.081633,359052,156,2
frame,60.107755,359208,156,2
frame,60.133878,359364,156,2
frame,60.160000,359520,156,2
frame,60.186122,359676,156,2
frame,60.212245,359832,156,2
frame,60.238367,359988,156,2
frame,60.264490,360144,156,2
frame,60.290612,360300,156,2
frame,60.316735,360456,156,2
frame,60.342857,360612,156,2
frame,60.368980,360768,156,2
frame,60.395102,360924,156,2
frame,60.421224,361080,156,2
frame,60.447347,361236,156,2
frame,60.473469,361392,156,2
frame,60.499592,361548,156,2
frame,60.525714,361704,156,2
frame,60.551837,361860,156,2
frame,60.577959,362016,156,2
frame,60.604082,362172,156,2
frame,60.630204,362328,156,2
frame,60.656327,362484,156,2
frame,60.682449,362640,156,2
frame,60.708571,362796,156,2
frame,60.734694,362952,156,2
frame,60.760816,363108,156,2
frame,60.786939,363264,156,2
frame,60.813061,363420,156,2
frame,60.839184,363576,156,2
frame,60.865306,363732,156,2
frame,60.891429,363888,156,2
frame,60.917551,364044,156,2
frame,60.943673,364200,156,2
frame,60.969796,364356,156,2
frame,60.995918,364512,156,2
frame,61.022041,364668,156,2
frame,61.048163,364824,156,2
frame,61.074286,364980,156,2
frame,61.100408,365136,156,2
frame,61.126531,365292,156,2
frame,61.152653,365448,156,2
frame,61.178776,365604,156,2
frame,61.204898,365760,156,2
frame,61.231020,365916,156,2
frame,61.257143,366072,156,2
frame,61.283265,366228,156,2
frame,61.309388,366384,156,2
frame,61.335510,366540,156,2
frame,61.361633,366696,156,2
frame,61.387755,366852,156,2
frame,61.413878,367008,156,2
frame,61.440000,367164,156,2
frame,61.466122,367320,156,2
frame,61.492245,367476,156,2
frame,61.518367,367632,156,2
frame,61.544490,367788,156,2
frame,61.570612,367944,156,2
frame,61.596735,368100,156,2
frame,61.622857,368256,156,2
frame,61.648980,368412,156,2
frame,61.675102,368568,156,2
frame,61.701224,368724,156,2
frame,61.727347,368880,156,2
frame,61.753469,369036,156,2
frame,61.779592,369192,156,2
frame,61.805714,369348,156,2
frame,61.831837,369504,156,2
frame,61.857959,369660,156,2
frame,61.884082,369816,156,2
frame,61.910204,369972,156,2
frame,61.936327,370128,156,2
frame,61.962449,370284,156,2
frame,61.988571,370440,156,2
frame,62.014694,370596,156,2
frame,62.040816,370752,156,2
frame,62.066939,370908,156,2
frame,62.093061,371064,156,2
frame,62.119184,371220,156,2
frame,62.145306,371376,156,2
frame,62.171429,371532,156,2
frame,62.197551,371688,156,2
frame,62.223673,371844,156,2
frame,62.249796,372000,156,2
frame,62.275918,372156,156,2
frame,62.302041,372312,156,2
frame,62.328163,372468,156,2
frame,62.354286,372624,156,2
frame,62.380408,372780,156,2
frame,62.406531,372936,156,2
frame,62.432653,373092,156,2
frame,62.458776,373248,156,2
frame,62.484898,373404,156,2
frame,62.511020,373560,156,2
frame,62.537143,373716,156,2
frame,62.563265,373872,156,2
frame,62.589388,374028,156,2
frame,62.615510,374184,156,2
frame,62.641633,374340,156,2
frame,62.667755,374496,156,2
frame,62.693878,374652,156,2
frame,62.720000,374808,156,2
frame,62.746122,374964,156,2
frame,62.772245,375120,156,2
frame,62.798367,375276,156,2
frame,62.824490,375432,156,2
frame,62.850612,375588,156,2
frame,62.876735,375744,156,2
frame,62.902857,375900,156,2
frame,62.928980,376056,156,2
frame,62.955102,376212,156,2
frame,62.981224,376368,156,2
frame,63.007347,376524,156,2
frame,63.033469,376680,156,2
frame,63.059592,376836,156,2
frame,63.085714,376992,156,2
frame,63.111837,377148,156,2
frame,63.137959,377304,156,2
frame,63.164082,377460,156,2
frame,63.190204,377616,156,2
frame,63.216327,377772,156,2
frame,63.242449,377928,156,2
frame,63.268571,378084,156,2
frame,63.294694,378240,156,2
frame,63.320816,378396,156,2
frame,63.346939,378552,156,2
frame,63.373061,378708,156,2
frame,63.399184,378864,156,2
frame,63.425306,379020,156,2
frame,63.451429,379176,156,2
frame,63.477551,379332,156,2
frame,63.503673,379488,156,2
frame,63.529796,379644,156,2
frame,63.555918,379800,156,2
frame,63.582041,379956,156,2
frame,63.608163,380112,156,2
frame,63.634286,380268,156,2
frame,63.660408,380424,156,2
frame,63.686531,380580,156,2
frame,63.712653,380736,156,2
frame,63.738776,380892,156,2
frame,63.764898,381048,156,2
frame,63.791020,381204,156,2
frame,63.817143,381360,156,2
frame,63.843265,381516,156,2
frame,63.869388,381672,156,2
frame,63.895510,381828,156,2
frame,63.921633,381984,156,2
frame,63.947755,382140,156,2
frame,63.973878,382296,156,2
frame,64.000000,382452,156,2
frame,64.026122,382608,156,2
frame,64.052245,382764,156,2
frame,64.078367,382920,156,2
frame,64.104490,383076,156,2
frame,64.130612,383232,156,2
frame,64.156735,383388,156,2
frame,64.182857,383544,156,2
frame,64.208980,383700,156,2
frame,64.235102,383856,156,2
frame,64.261224,384012,156,2
frame,64.287347,384168,156,2
frame,64.313469,384324,156,2
frame,64.339592,384480,156,2
frame,64.365714,384636,156,2
frame,64.391837,384792,156,2
frame,64.417959,384948,156,2
frame,64.444082,385104,156,2
frame,64.470204,385260,156,2
frame,64.496327,385416,156,2
frame,64.522449,385572,156,2
frame,64.548571,385728,156,2
frame,64.574694,385884,156,2
frame,64.600816,386040,156,2
frame,64.626939,386196,156,2
frame,64.653061,386352,156,2
frame,64.679184,386508,156,2
frame,64.705306,386664,156,2
frame,64.731429,386820,156,2
frame,64.757551,386976,156,2
frame,64.783673,387132,156,2
frame,64.809796,387288,156,2
frame,64.835918,387444,156,2
frame,64.862041,387600,156,2
frame,64.888163,387756,156,2
frame,64.914286,387912,156,2
frame,64.940408,388068,156,2
frame,64.966531,388224,156,2
frame,64.992653,388380,156,2
frame,65.018776,388536,156,2
frame,65.044898,388692,156,2
frame,65.071020,388848,156,2
frame,65.097143,389004,156,2
frame,65.123265,389160,156,2
frame,65.149388,389316,156,2
frame,65.175510,389472,156,2
frame,65.201633,389628,156,2
frame,65.227755,389784,156,2
frame,65.253878,389940,156,2
frame,65.280000,390096,156,2
frame,65.306122,390252,156,2
frame,65.332245,390408,156,2
frame,65.358367,390564,156,2
frame,65.384490,390720,156,2
frame,65.410612,390876,156,2
frame,65.436735,391032,156,2
frame,65.462857,391188,156,2
frame,65.488980,391344,156,2
frame,65.515102,391500,156,2
frame,65.541224,391656,156,2
frame,65.567347,391812,156,2
frame,65.593469,391968,156,2
frame,65.619592,392124,156,2
frame,65.645714,392280,156,2
frame,65.671837,392436,156,2
frame,65.697959,392592,156,2
frame,65.724082,392748,156,2
frame,65.750204,392904,156,2
frame,65.776327,393060,156,2
frame,65.802449,393216,156,2
frame,65.828571,393372,156,2
frame,65.854694,393528,156,2
frame,65.880816,393684,156,2
frame,65.906939,393840,156,2
frame,65.933061,393996,156,2
frame,65.959184,394152,156,2
frame,65.985306,394308,156,2
frame,66.011429,394464,156,2
frame,66.037551,394620,156,2
frame,66.063673,394776,156,2
frame,66.089796,394932,156,2
frame,66.115918,395088,156,2
frame,66.142041,395244,156,2
frame,66.168163,395400,156,2
frame,66.194286,395556,156,2
frame,66.220408,395712,156,2
frame,66.246531,395868,156,2
frame,66.272653,396024,156,2
frame,66.298776,396180,156,2
frame,66.324898,396336,156,2
frame,66.351020,396492,156,2
frame,66.377143,396648,156,2
frame,66.403265,396804,156,2
frame,66.429388,396960,156,2
frame,66.455510,397116,156,2
frame,66.481633,397272,156,2
frame,66.507755,397428,156,2
frame,66.533878,397584,156,2
frame,66.560000,397740,156,2
frame,66.586122,397896,156,2
frame,66.612245,398052,156,2
frame,66.638367,398208,156,2
frame,66.664490,398364,156,2
frame,66.690612,398520,156,2
frame,66.716735,398676,156,2
frame,66.742857,398832,156,2
frame,66.768980,398988,156,2
frame,66.795102,399144,156,2
frame,66.821224,399300,156,2
frame,66.847347,399456,156,2
frame,66.873469,399612,156,2
frame,66.899592,399768,156,2
frame,66.925714,399924,156,2
frame,66.951837,400080,156,2
frame,66.977959,400236,156,2
frame,67.004082,400392,156,2
frame,67.030204,400548,156,2
frame,67.056327,400704,156,2
frame,67.082449,400860,156,2
frame,67.108571,401016,156,2
frame,67.134694,401172,156,2
frame,67.160816,401328,156,2
frame,67.186939,401484,156,2
frame,67.213061,401640,156,2
frame,67.239184,401796,156,2
frame,67.265306,401952,156,2
frame,67.291429,402108,156,2
frame,67.317551,402264,156,2
frame,67.343673,402420,156,2
frame,67.369796,402576,156,2
frame,67.395918,402732,156,2
frame,67.422041,402888,156,2
frame,67.448163,403044,156,2
frame,67.474286,403200,156,2
frame,67.500408,403356,156,2
frame,67.526531,403512,156,2
frame,67.552653,403668,156,2
frame,67.578776,403824,156,2
frame,67.604898,403980,156,2
frame,67.631020,404136,156,2
frame,67.657143,404292,156,2
frame,67.683265,404448,156,2
frame,67.709388,404604,156,2
frame,67.735510,404760,156,2
frame,67.761633,404916,156,2
frame,67.787755,405072,156,2
frame,67.813878,405228,156,2
frame,67.840000,405384,156,2
frame,67.866122,405540,156,2
frame,67.892245,405696,156,2
frame,67.918367,405852,156,2
frame,67.944490,406008,156,2
frame,67.970612,406164,156,2
frame,67.996735,406320,156,2
frame,68.022857,406476,156,2
frame,68.048980,406632,156,2
frame,68.075102,406788,156,2
frame,68.101224,406944,156,2
frame,68.127347,407100,156,2
frame,68.153469,407256,156,2
frame,68.179592,407412,156,2
frame,68.205714,407568,156,2
frame,68.231837,407724,156,2
frame,68.257959,407880,156,2
frame,68.284082,408036,156,2
frame,68.310204,408192,156,2
frame,68.336327,408348,156,2
frame,68.362449,408504,156,2
frame,68.388571,408660,156,2
frame,68.414694,408816,156,2
frame,68.440816,408972,156,2
frame,68.466939,409128,156,2
frame,68.493061,409284,156,2
frame,68.519184,409440,156,2
frame,68.545306,409596,156,2
frame,68.571429,409752,156,2
frame,68.597551,409908,156,2
frame,68.623673,410064,156,2
frame,68.649796,410220,156,2
frame,68.675918,410376,156,2
frame,68.702041,410532,156,2
frame,68.728163,410688,156,2
frame,68.754286,410844,156,2
frame,68.780408,411000,156,2
frame,68.806531,411156,156,2
frame,68.832653,411312,156,2
frame,68.858776,411468,156,2
frame,68.884898,411624,156,2
frame,68.911020,411780,156,2
frame,68.937143,411936,156,2
frame,68.963265,412092,156,2
frame,68.989388,412248,156,2
frame,69.015510,412404,156,2
frame,69.041633,412560,156,2
frame,69.067755,412716,156,2
frame,69.093878,412872,156,2
frame,69.120000,413028,156,2
frame,69.146122,413184,156,2
frame,69.172245,413340,156,2
frame,69.198367,413496,156,2
frame,69.224490,413652,156,2
frame,69.250612,413808,156,2
frame,69.276735,413964,156,2
frame,69.302857,414120,156,2
frame,69.328980,414276,156,2
frame,69.355102,414432,156,2
frame,69.381224,414588,156,2
frame,69.407347,414744,156,2
frame,69.433469,414900,156,2
frame,69.459592,415056,156,2
frame,69.485714,415212,156,2
frame,69.511837,415368,156,2
frame,69.537959,415524,156,2
frame,69.564082,415680,156,2
frame,69.590204,415836,156,2
frame,69.616327,415992,156,2
frame,69.642449,416148,156,2
frame,69.668571,416304,156,2
frame,69.694694,416460,156,2
frame,69.720816,416616,156,2
frame,69.746939,416772,156,2
frame,69.773061,416928,156,2
frame,69.799184,417084,156,2
frame,69.825306,417240,156,2
frame,69.851429,417396,156,2
frame,69.877551,417552,156,2
frame,69.903673,417708,156,2
frame,69.929796,417864,156,2
frame,69.955918,418020,156,2
frame,69.982041,418176,156,2
frame,70.008163,418332,156,2
frame,70.034286,418488,156,2
frame,70.060408,418644,156,2
frame,70.086531,418800,156,2
frame,70.112653,418956,156,2
frame,70.138776,419112,156,2
frame,70.164898,419268,156,2
frame,70.191020,419424,156,2
frame,70.217143,419580,156,2
frame,70.243265,419736,156,2
frame,70.269388,419892,156,2
frame,70.295510,420048,156,2
frame,70.321633,420204,156,2
frame,70.347755,420360,156,2
frame,70.373878,420516,156,2
frame,70.400000,420672,156,2
frame,70.426122,420828,156,2
frame,70.452245,420984,156,2
frame,70.478367,421140,156,2
frame,70.504490,421296,156,2
frame,70.530612,421452,156,2
frame,70.556735,421608,156,2
frame,70.582857,421764,156,2
frame,70.608980,421920,156,2
frame,70.635102,422076,156,2
frame,70.661224,422232,156,2
frame,70.687347,422388,156,2
frame,70.713469,422544,156,2
frame,70.739592,422700,156,2
frame,70.765714,422856,156,2
frame,70.791837,423012,156,2
frame,70.817959,423168,156,2
frame,70.844082,423324,156,2
frame,70.870204,423480,156,2
frame,70.896327,423636,156,2
frame,70.922449,423792,156,2
frame,70.948571,423948,156,2
frame,70.974694,424104,156,2
frame,71.000816,424260,156,2
frame,71.026939,424416,156,2
frame,71.053061,424572,156,2
frame,71.079184,424728,156,2
frame,71.105306,424884,156,2
frame,71.131429,425040,156,2
frame,71.157551,425196,156,2
frame,71.183673,425352,156,2
frame,71.209796,425508,156,2
frame,71.235918,425664,156,2
frame,71.262041,425820,156,2
frame,71.288163,425976,156,2
frame,71.314286,426132,156,2
frame,71.340408,426288,156,2
frame,71.366531,426444,156,2
frame,71.392653,426600,156,2
frame,71.418776,426756,156,2
frame,71.444898,426912,156,2
frame,71.471020,427068,156,2
frame,71.497143,427224,156,2
frame,71.523265,427380,156,2
frame,71.549388,427536,156,2
frame,71.575510,427692,156,2
frame,71.601633,427848,156,2
frame,71.627755,428004,156,2
frame,71.653878,428160,156,2
frame,71.680000,428316,156,2
frame,71.706122,428472,156,2
frame,71.732245,428628,156,2
frame,71.758367,428784,156,2
frame,71.784490,428940,156,2
frame,71.810612,429096,156,2
frame,71.836735,429252,156,2
frame,71.862857,429408,156,2
frame,71.888980,429564,156,2
frame,71.915102,429720,156,2
frame,71.941224,429876,156,2
frame,71.967347,430032,156,2
frame,71.993469,430188,156,2
frame,72.019592,430344,156,2
frame,72.045714,430500,156,2
frame,72.071837,430656,156,2
frame,72.097959,430812,156,2
frame,72.124082,430968,156,2
frame,72.150204,431124,156,2
frame,72.176327,431280,156,2
frame,72.202449,431436,156,2
frame,72.228571,431592,156,2
frame,72.254694,431748,156,2
frame,72.280816,431904,156,2
frame,72.306939,432060,156,2
frame,72.333061,432216,156,2
frame,72.359184,432372,156,2
frame,72.385306,432528,156,2
frame,72.411429,432684,156,2
frame,72.437551,432840,156,2
frame,72.463673,432996,156,2
frame,72.489796,433152,156,2
frame,72.515918,433308,156,2
frame,72.542041,433464,156,2
frame,72.568163,433620,156,2
frame,72.594286,433776,156,2
frame,72.620408,433932,156,2
frame,72.646531,434088,156,2
frame,72.672653,434244,156,2
frame,72.698776,434400,156,2
frame,72.724898,434556,156,2
frame,72.751020,434712,156,2
frame,72.777143,434868,156,2
frame,72.803265,435024,156,2
frame,72.829388,435180,156,2
frame,72.855510,435336,156,2
frame,72.881633,435492,156,2
frame,72.907755,435648,156,2
frame,72.933878,435804,156,2
frame,72.960000,435960,156,2
frame,72.986122,436116,156,2
frame,73.012245,436272,156,2
frame,73.038367,436428,156,2
frame,73.064490,436584,156,2
frame,73.090612,436740,156,2
frame,73.116735,436896,156,2
frame,73.142857,437052,156,2
frame,73.168980,437208,156,2
frame,73.195102,437364,156,2
frame,73.221224,437520,156,2
frame,73.247347,437676,156,2
frame,73.273469,437832,156,2
frame,73.299592,437988,156,2
frame,73.325714,438144,156,2
frame,73.351837,438300,156,2
frame,73.377959,438456,156,2
frame,73.404082,438612,156,2
frame,73.430204,438768,156,2
frame,73.456327,438924,156,2
frame,73.482449,439080,156,2
frame,73.508571,439236,156,2
frame,73.534694,439392,156,2
frame,73.560816,439548,156,2
frame,73.586939,439704,156,2
frame,73.613061,439860,156,2
frame,73.639184,440016,156,2
frame,73.665306,440172,156,2
frame,73.691429,440328,156,2
frame,73.717551,440484,156,2
frame,73.743673,440640,156,2
frame,73.769796,440796,156,2
frame,73.795918,440952,156,2
frame,73.822041,441108,156,2
frame,73.848163,441264,156,2
frame,73.874286,441420,156,2
frame,73.900408,441576,156,2
frame,73.926531,441732,156,2
frame,73.952653,441888,156,2
frame,73.978776,442044,156,2
frame,74.004898,442200,156,2
frame,74.031020,442356,156,2
frame,74.057143,442512,156,2
frame,74.083265,442668,156,2
frame,74.109388,442824,156,2
frame,74.135510,442980,156,2
frame,74.161633,443136,156,2
frame,74.187755,443292,156,2
frame,74.213878,443448,156,2
frame,74.240000,443604,156,2
frame,74.266122,443760,156,2
frame,74.292245,443916,156,2
frame,74.318367,444072,156,2
frame,74.344490,444228,156,2
frame,74.370612,444384,156,2
frame,74.396735,444540,156,2
frame,74.422857,444696,156,2
frame,74.448980,444852,156,2
frame,74.475102,445008,156,2
frame,74.501224,445164,156,2
frame,74.527347,445320,156,2
frame,74.553469,445476,156,2
frame,74.579592,445632,156,2
frame,74.605714,445788,156,2
frame,74.631837,445944,156,2
frame,74.657959,446100,156,2
frame,74.684082,446256,156,2
frame,74.710204,446412,156,2
frame,74.736327,446568,156,2
frame,74.762449,446724,156,2
frame,74.788571,446880,156,2
frame,74.814694,447036,156,2
frame,74.840816,447192,156,2
frame,74.866939,447348,156,2
frame,74.893061,447504,156,2
frame,74.919184,447660,156,2
frame,74.945306,447816,156,2
frame,74.971429,447972,156,2
frame,74.997551,448128,156,2
frame,75.023673,448284,156,2
frame,75.049796,448440,156,2
frame,75.075918,448596,156,2
frame,75.102041,448752,156,2
frame,75.128163,448908,156,2
frame,75.154286,449064,156,2
frame,75.180408,449220,156,2
frame,75.206531,449376,156,2
frame,75.232653,449532,156,2
frame,75.258776,449688,156,2
frame,75.284898,449844,156,2
frame,75.311020,450000,156,2
frame,75.337143,450156,156,2
frame,75.363265,450312,156,2
frame,75.389388,450468,156,2
frame,75.415510,450624,156,2
frame,75.441633,450780,156,2
frame,75.467755,450936,156,2
frame,75.493878,451092,156,2
frame,75.520000,451248,156,2
frame,75.546122,451404,156,2
frame,75.572245,451560,156,2
frame,75.598367,451716,156,2
frame,75.624490,451872,156,2
frame,75.650612,452028,156,2
frame,75.676735,452184,156,2
frame,75.702857,452340,156,2
frame,75.728980,452496,156,2
frame,75.755102,452652,156,2
frame,75.781224,452808,156,2
frame,75.807347,452964,156,2
frame,75.833469,453120,156,2
frame,75.859592,453276,156,2
frame,75.885714,453432,156,2
frame,75.911837,453588,156,2
frame,75.937959,453744,156,2
frame,75.964082,453900,156,2
frame,75.990204,454056,156,2
frame,76.016327,454212,156,2
frame,76.042449,454368,156,2
frame,76.068571,454524,156,2
frame,76.094694,454680,156,2
frame,76.120816,454836,156,2
frame,76.146939,454992,156,2
frame,76.173061,455148,156,2
frame,76.199184,455304,156,2
frame,76.225306,455460,156,2
frame,76.251429,455616,156,2
frame,76.277551,455772,156,2
frame,76.303673,455928,156,2
frame,76.329796,456084,156,2
frame,76.355918,456240,156,2
frame,76.382041,456396,156,2
frame,76.408163,456552,156,2
frame,76.434286,456708,156,2
frame,76.460408,456864,156,2
frame,76.486531,457020,156,2
frame,76.512653,457176,156,2
frame,76.538776,457332,156,2
frame,76.564898,457488,156,2
frame,76.591020,457644,156,2
frame,76.617143,457800,156,2
frame,76.643265,457956,156,2
frame,76.669388,458112,156,2
frame,76.695510,458268,156,2
frame,76.721633,458424,156,2
frame,76.747755,458580,156,2
frame,76.773878,458736,156,2
frame,76.800000,458892,156,2
frame,76.826122,459048,156,2
frame,76.852245,459204,156,2
frame,76.878367,459360,156,2
frame,76.904490,459516,156,2
frame,76.930612,459672,156,2
frame,76.956735,459828,156,2
frame,76.982857,459984,156,2
frame,77.008980,460140,156,2
frame,77.035102,460296,156,2
frame,77.061224,460452,156,2
frame,77.087347,460608,156,2
frame,77.113469,460764,156,2
frame,77.139592,460920,156,2
frame,77.165714,461076,156,2
frame,77.191837,461232,156,2
frame,77.217959,461388,156,2
frame,77.244082,461544,156,2
frame,77.270204,461700,156,2
frame,77.296327,461856,156,2
frame,77.322449,462012,156,2
frame,77.348571,462168,156,2
frame,77.374694,462324,156,2
frame,77.400816,462480,156,2
frame,77.426939,462636,156,2
frame,77.453061,462792,156,2
frame,77.479184,462948,156,2
frame,77.505306,463104,156,2
frame,77.531429,463260,156,2
frame,77.557551,463416,156,2
frame,77.583673,463572,156,2
frame,77.609796,463728,156,2
frame,77.635918,463884,156,2
frame,77.662041,464040,156,2
frame,77.688163,464196,156,2
frame,77.714286,464352,156,2
frame,77.740408,464508,156,2
frame,77.766531,464664,156,2
frame,77.792653,464820,156,2
frame,77.818776,464976,156,2
frame,77.844898,465132,156,2
frame,77.871020,465288,156,2
frame,77.897143,465444,156,2
frame,77.923265,465600,156,2
frame,77.949388,465756,156,2
frame,77.975510,465912,156,2
frame,78.001633,466068,156,2
frame,78.027755,466224,156,2
frame,78.053878,466380,156,2
frame,78.080000,466536,156,2
frame,78.106122,466692,156,2
frame,78.132245,466848,156,2
frame,78.158367,467004,156,2
frame,78.184490,467160,156,2
frame,78.210612,467316,156,2
frame,78.236735,467472,156,2
frame,78.262857,467628,156,2
frame,78.288980,467784,156,2
frame,78.315102,467940,156,2
frame,78.341224,468096,156,2
frame,78.367347,468252,156,2
frame,78.393469,468408,156,2
frame,78.419592,468564,156,2
frame,78.445714,468720,156,2
frame,78.471837,468876,156,2
frame,78.497959,469032,156,2
frame,78.524082,469188,156,2
frame,78.550204,469344,156,2
frame,78.576327,469500,156,2
frame,78.602449,469656,156,2
frame,78.628571,469812,156,2
frame,78.654694,469968,156,2
frame,78.680816,470124,156,2
frame,78.706939,470280,156,2
frame,78.733061,470436,156,2
frame,78.759184,470592,156,2
frame,78.785306,470748,156,2
frame,78.811429,470904,156,2
frame,78.837551,471060,156,2
frame,78.863673,471216,156,2
frame,78.889796,471372,156,2
frame,78.915918,471528,156,2
frame,78.942041,471684,156,2
frame,78.968163,471840,156,2
frame,78.994286,471996,156,2
frame,79.020408,472152,156,2
frame,79.046531,472308,156,2
frame,79.072653,472464,156,2
frame,79.098776,472620,156,2
frame,79.124898,472776,156,2
frame,79.151020,472932,156,2
frame,79.177143,473088,156,2
frame,79.203265,473244,156,2
frame,79.229388,473400,156,2
frame,79.255510,473556,156,2
frame,79.281633,473712,156,2
frame,79.307755,473868,156,2
frame,79.333878,474024,156,2
frame,79.360000,474180,156,2
frame,79.386122,474336,156,2
frame,79.412245,474492,156,2
frame,79.438367,474648,156,2
frame,79.464490,474804,156,2
frame,79.490612,474960,156,2
frame,79.516735,475116,156,2
frame,79.542857,475272,156,2
frame,79.568980,475428,156,2
frame,79.595102,475584,156,2
frame,79.621224,475740,156,2
frame,79.647347,475896,156,2
frame,79.673469,476052,156,2
frame,79.699592,476208,156,2
frame,79.725714,476364,156,2
frame,79.751837,476520,156,2
frame,79.777959,476676,156,2
frame,79.804082,476832,156,2
frame,79.830204,476988,156,2
frame,79.856327,477144,156,2
frame,79.882449,477300,156,2
frame,79.908571,477456,156,2
frame,79.934694,477612,156,2
frame,79.960816,477768,156,2
frame,79.986939,477924,156,2
frame,80.013061,478080,156,2
frame,80.039184,478236,156,2
frame,80.065306,478392,156,2
frame,80.091429,478548,156,2
frame,80.117551,478704,156,2
frame,80.143673,478860,156,2
frame,80.169796,479016,156,2
frame,80.195918,479172,156,2
frame,80.222041,479328,156,2
frame,80.248163,479484,156,2
frame,80.274286,479640,156,2
frame,80.300408,479796,156,2
frame,80.326531,479952,156,2
frame,80.352653,480108,156,2
frame,80.378776,480264,156,2
frame,80.404898,480420,156,2
frame,80.431020,480576,156,2
frame,80.457143,480732,156,2
frame,80.483265,480888,156,2
frame,80.509388,481044,156,2
frame,80.535510,481200,156,2
frame,80.561633,481356,156,2
frame,80.587755,481512,156,2
frame,80.613878,481668,156,2
frame,80.640000,481824,156,2
frame,80.666122,481980,156,2
frame,80.692245,482136,156,2
frame,80.718367,482292,156,2
frame,80.744490,482448,156,2
frame,80.770612,482604,156,2
frame,80.796735,482760,156,2
frame,80.822857,482916,156,2
frame,80.848980,483072,156,2
frame,80.875102,483228,156,2
frame,80.901224,483384,156,2
frame,80.927347,483540,156,2
frame,80.953469,483696,156,2
frame,80.979592,483852,156,2
frame,81.005714,484008,156,2
frame,81.031837,484164,156,2
frame,81.057959,484320,156,2
frame,81.084082,484476,156,2
frame,81.110204,484632,156,2
frame,81.136327,484788,156,2
frame,81.162449,484944,156,2
frame,81.188571,485100,156,2
frame,81.214694,485256,156,2
frame,81.240816,485412,156,2
frame,81.266939,485568,156,2
frame,81.293061,485724,156,2
frame,81.319184,485880,156,2
frame,81.345306,486036,156,2
frame,81.371429,486192,156,2
frame,81.397551,486348,156,2
frame,81.423673,486504,156,2
frame,81.449796,486660,156,2
frame,81.475918,486816,156,2
frame,81.502041,486972,156,2
frame,81.528163,487128,156,2
frame,81.554286,487284,156,2
frame,81.580408,487440,156,2
frame,81.606531,487596,156,2
frame,81.632653,487752,156,2
frame,81.658776,487908,156,2
frame,81.684898,488064,156,2
frame,81.711020,488220,156,2
frame,81.737143,488376,156,2
frame,81.763265,488532,156,2
frame,81.789388,488688,156,2
frame,81.815510,488844,156,2
frame,81.841633,489000,156,2
frame,81.867755,489156,156,2
frame,81.893878,489312,156,2
frame,81.920000,489468,156,2
frame,81.946122,489624,156,2
frame,81.972245,489780,156,2
frame,81.998367,489936,156,2
frame,82.024490,490092,156,2
frame,82.050612,490248,156,2
frame,82.076735,490404,156,2
frame,82.102857,490560,156,2
frame,82.128980,490716,156,2
frame,82.155102,490872,156,2
frame,82.181224,491028,156,2
frame,82.207347,491184,156,2
frame,82.233469,491340,156,2
frame,82.259592,491496,156,2
frame,82.285714,491652,156,2
frame,82.311837,491808,156,2
frame,82.337959,491964,156,2
frame,82.364082,492120,156,2
frame,82.390204,492276,156,2
frame,82.416327,492432,156,2
frame,82.442449,492588,156,2
frame,82.468571,492744,156,2
frame,82.494694,492900,156,2
frame,82.520816,493056,156,2
frame,82.546939,493212,156,2
frame,82.573061,493368,156,2
frame,82.599184,493524,156,2
frame,82.625306,493680,156,2
frame,82.651429,493836,156,2
frame,82.677551,493992,156,2
frame,82.703673,494148,156,2
frame,82.729796,494304,156,2
frame,82.755918,494460,156,2
frame,82.782041,494616,156,2
frame,82.808163,494772,156,2
frame,82.834286,494928,156,2
frame,82.860408,495084,156,2
frame,82.886531,495240,156,2
frame,82.912653,495396,156,2
frame,82.938776,495552,156,2
frame,82.964898,495708,156,2
frame,82.991020,495864,156,2
frame,83.017143,496020,156,2
frame,83.043265,496176,156,2
frame,83.069388,496332,156,2
frame,83.095510,496488,156,2
frame,83.121633,496644,156,2
frame,83.147755,496800,156,2
frame,83.173878,496956,156,2
frame,83.200000,497112,156,2
frame,83.226122,497268,156,2
frame,83.252245,497424,156,2
frame,83.278367,497580,156,2
frame,83.304490,497736,156,2
frame,83.330612,497892,156,2
frame,83.356735,498048,156,2
frame,83.382857,498204,156,2
frame,83.408980,498360,156,2
frame,83.435102,498516,156,2
frame,83.461224,498672,156,2
frame,83.487347,498828,156,2
frame,83.513469,498984,156,2
frame,83.539592,499140,156,2
frame,83.565714,499296,156,2
frame,83.591837,499452,156,2
frame,83.617959,499608,156,2
frame,83.644082,499764,156,2
frame,83.670204,499920,156,2
frame,83.696327,500076,156,2
frame,83.722449,500232,156,2
frame,83.748571,500388,156,2
frame,83.774694,500544,156,2
frame,83.800816,500700,156,2
frame,83.826939,500856,156,2
frame,83.853061,501012,156,2
frame,83.879184,501168,156,2
frame,83.905306,501324,156,2
frame,83.931429,501480,156,2
frame,83.957551,501636,156,2
frame,83.983673,501792,156,2
frame,84.009796,501948,156,2
frame,84.035918,502104,156,2
frame,84.062041,502260,156,2
frame,84.088163,502416,156,2
frame,84.114286,502572,156,2
frame,84.140408,502728,156,2
frame,84.166531,502884,156,2
frame,84.192653,503040,156,2
frame,84.218776,503196,156,2
frame,84.244898,503352,156,2
frame,84.271020,503508,156,2
frame,84.297143,503664,156,2
frame,84.323265,503820,156,2
frame,84.349388,503976,156,2
frame,84.375510,504132,156,2
frame,84.401633,504288,156,2
frame,84.427755,504444,156,2
frame,84.453878,504600,156,2
frame,84.480000,504756,156,2
frame,84.506122,504912,156,2
frame,84.532245,505068,156,2
frame,84.558367,505224,156,2
frame,84.584490,505380,156,2
frame,84.610612,505536,156,2
frame,84.636735,505692,156,2
frame,84.662857,505848,156,2
frame,84.688980,506004,156,2
frame,84.715102,506160,156,2
frame,84.741224,506316,156,2
frame,84.767347,506472,156,2
frame,84.793469,506628,156,2
frame,84.819592,506784,156,2
frame,84.845714,506940,156,2
frame,84.871837,507096,156,2
frame,84.897959,507252,156,2
frame,84.924082,507408,156,2
frame,84.950204,507564,156,2
frame,84.976327,507720,156,2
frame,85.002449,507876,156,2
frame,85.028571,508032,156,2
frame,85.054694,508188,156,2
frame,85.080816,508344,156,2
frame,85.106939,508500,156,2
frame,85.133061,508656,156,2
frame,85.159184,508812,156,2
frame,85.185306,508968,156,2
frame,85.211429,509124,156,2
frame,85.237551,509280,156,2
frame,85.263673,509436,156,2
frame,85.289796,509592,156,2
frame,85.315918,509748,156,2
frame,85.342041,509904,156,2
frame,85.368163,510060,156,2
frame,85.394286,510216,156,2
frame,85.420408,510372,156,2
frame,85.446531,510528,156,2
frame,85.472653,510684,156,2
frame,85.498776,510840,156,2
frame,85.524898,510996,156,2
frame,85.551020,511152,156,2
frame,85.577143,511308,156,2
frame,85.603265,511464,156,2
frame,85.629388,511620,156,2
frame,85.655510,511776,156,2
frame,85.681633,511932,156,2
frame,85.707755,512088,156,2
frame,85.733878,512244,156,2
frame,85.760000,512400,156,2
frame,85.786122,512556,156,2
frame,85.812245,512712,156,2
frame,85.838367,512868,156,2
frame,85.864490,513024,156,2
frame,85.890612,513180,156,2
frame,85.916735,513336,156,2
frame,85.942857,513492,156,2
frame,85.968980,513648,156,2
frame,85.995102,513804,156,2
frame,86.021224,513960,156,2
frame,86.047347,514116,156,2
frame,86.073469,514272,156,2
frame,86.099592,514428,156,2
frame,86.125714,514584,156,2
frame,86.151837,514740,156,2
frame,86.177959,514896,156,2
frame,86.204082,515052,156,2
frame,86.230204,515208,156,2
frame,86.256327,515364,156,2
frame,86.282449,515520,156,2
frame,86.308571,515676,156,2
frame,86.334694,515832,156,2
frame,86.360816,515988,156,2
frame,86.386939,516144,156,2
frame,86.413061,516300,156,2
frame,86.439184,516456,156,2
frame,86.465306,516612,156,2
frame,86.491429,516768,156,2
frame,86.517551,516924,156,2
frame,86.543673,517080,156,2
frame,86.569796,517236,156,2
frame,86.595918,517392,156,2
frame,86.622041,517548,156,2
frame,86.648163,517704,156,2
frame,86.674286,517860,156,2
frame,86.700408,518016,156,2
frame,86.726531,518172,156,2
frame,86.752653,518328,156,2
frame,86.778776,518484,156,2
frame,86.804898,518640,156,2
frame,86.831020,518796,156,2
frame,86.857143,518952,156,2
frame,86.883265,519108,156,2
frame,86.909388,519264,156,2
frame,86.935510,519420,156,2
frame,86.961633,519576,156,2
frame,86.987755,519732,156,2
frame,87.013878,519888,156,2
frame,87.040000,520044,156,2
frame,87.066122,520200,156,2
frame,87.092245,520356,156,2
frame,87.118367,520512,156,2
frame,87.144490,520668,156,2
frame,87.170612,520824,156,2
frame,87.196735,520980,156,2
frame,87.222857,521136,156,2
frame,87.248980,521292,156,2
frame,87.275102,521448,156,2
frame,87.301224,521604,156,2
frame,87.327347,521760,156,2
frame,87.353469,521916,156,2
frame,87.379592,522072,156,2
frame,87.405714,522228,156,2
frame,87.431837,522384,156,2
frame,87.457959,522540,156,2
frame,87.484082,522696,156,2
frame,87.510204,522852,156,2
frame,87.536327,523008,156,2
frame,87.562449,523164,156,2
frame,87.588571,523320,156,2
frame,87.614694,523476,156,2
frame,87.640816,523632,156,2
frame,87.666939,523788,156,2
frame,87.693061,523944,156,2
frame,87.719184,524100,156,2
frame,87.745306,524256,32,2
