wall_iso,esp_uptime,playingUid,readCount,otgUp,hostAbs,underruns,fav0,fav1,fav2,serial
2026-10-07T07:41:27.486+02:00,1min 8s,,0,False,0,0,0,0,0,PD0089
2026-10-07T07:41:28.486+02:00,1min 9s,,0,False,0,0,0,0,0,PD0089
2026-10-07T07:41:29.486+02:00,1min 10s,,0,False,0,0,0,0,0,PD0089
2026-10-07T07:41:30.486+02:00,1min 11s,,0,False,0,0,0,0,0,PD0089
2026-10-07T07:41:31.487+02:00,1min 12s,,0,False,0,0,0,0,0,PD0089
2026-10-07T07:41:32.487+02:00,1min 13s,,0,False,0,0,0,0,0,PD0089
2026-10-07T07:41:33.487+02:00,1min 14s,,0,False,0,0,0,0,0,PD0089
2026-10-07T07:41:34.488+02:00,1min 15s,,0,False,0,0,0,0,0,PD0089
2026-10-07T07:41:35.488+02:00,1min 16s,,0,False,0,0,0,0,0,PD0089
2026-10-07T07:41:36.488+02:00,1min 17s,,0,False,0,0,0,0,0,PD0089
2026-10-07T07:41:37.488+02:00,1min 18s,,0,False,0,0,0,0,0,PD0089
2026-10-07T07:41:38.488+02:00,1min 19s,,0,False,0,0,0,0,0,PD0089
2026-10-07T07:41:39.489+02:00,1min 20s,,0,True,0,0,0,0,0,PD0089
2026-10-07T07:41:40.489+02:00,1min 21s,,15,True,0,0,16384,0,0,PD0089
2026-10-07T07:41:41.489+02:00,1min 22s,,147,True,0,0,380928,0,98304,PD0089
2026-10-07T07:41:42.489+02:00,1min 23s,,339,True,0,0,380928,348160,524288,PD0089
2026-10-07T07:41:43.489+02:00,1min 24s,,339,True,0,0,380928,348160,524288,PD0089
2026-10-07T07:41:44.490+02:00,1min 25s,,339,True,0,0,380928,348160,524288,PD0089
2026-10-07T07:41:45.490+02:00,1min 26s,,339,True,0,0,380928,348160,524288,PD0089
2026-10-07T07:41:46.490+02:00,1min 27s,,339,True,0,0,380928,348160,524288,PD0089
2026-10-07T07:41:47.491+02:00,1min 28s,,339,True,0,0,380928,348160,524288,PD0089
2026-10-07T07:41:48.491+02:00,1min 29s,,339,True,0,0,380928,348160,524288,PD0089
2026-10-07T07:41:49.491+02:00,1min 30s,,339,True,0,0,380928,348160,524288,PD0089
2026-10-07T07:41:50.491+02:00,1min 31s,,339,True,0,0,380928,348160,524288,PD0089
2026-10-07T07:41:51.492+02:00,1min 32s,,339,True,0,0,380928,348160,524288,PD0089
2026-10-07T07:41:52.492+02:00,1min 33s,,339,True,0,0,380928,348160,524288,PD0089
2026-10-07T07:41:53.492+02:00,1min 34s,,339,True,0,0,380928,348160,524288,PD0089
2026-10-07T07:41:54.492+02:00,1min 35s,,339,True,0,0,380928,348160,524288,PD0089
2026-10-07T07:41:55.493+02:00,1min 36s,,339,True,0,0,380928,348160,524288,PD0089
2026-10-07T07:41:56.493+02:00,1min 37s,,339,True,0,0,380928,348160,524288,PD0089
2026-10-07T07:41:57.493+02:00,1min 38s,,339,True,0,0,380928,348160,524288,PD0089
2026-10-07T07:41:58.493+02:00,1min 39s,,339,True,0,0,380928,348160,524288,PD0089
2026-10-07T07:41:59.493+02:00,1min 40s,,339,True,0,0,380928,348160,524288,PD0089
2026-10-07T07:42:00.493+02:00,1min 41s,,339,True,0,0,380928,348160,524288,PD0089
2026-10-07T07:42:01.493+02:00,1min 42s,,339,True,0,0,380928,348160,524288,PD0089
2026-10-07T07:42:02.494+02:00,1min 43s,,339,True,0,0,380928,348160,524288,PD0089
2026-10-07T07:42:03.494+02:00,1min 44s,,339,True,0,0,380928,348160,524288,PD0089
2026-10-07T07:42:04.494+02:00,1min 45s,,339,True,0,0,380928,348160,524288,PD0089
2026-10-07T07:42:05.494+02:00,1min 46s,,339,True,0,0,380928,348160,524288,PD0089
2026-10-07T07:42:06.494+02:00,1min 47s,,339,True,0,0,380928,348160,524288,PD0089
2026-10-07T07:42:07.495+02:00,1min 48s,,339,True,0,0,380928,348160,524288,PD0089
2026-10-07T07:42:08.495+02:00,1min 49s,,339,True,0,0,380928,348160,524288,PD0089
2026-10-07T07:42:09.495+02:00,1min 50s,,339,True,0,0,380928,348160,524288,PD0089
2026-10-07T07:42:10.495+02:00,1min 51s,,339,True,0,0,380928,348160,524288,PD0089
2026-10-07T07:42:11.495+02:00,1min 52s,,339,True,0,0,380928,348160,524288,PD0089
2026-10-07T07:42:12.495+02:00,1min 53s,,339,True,0,0,380928,348160,524288,PD0089
2026-10-07T07:42:13.496+02:00,1min 54s,,339,True,0,0,380928,348160,524288,PD0089
2026-10-07T07:42:14.496+02:00,1min 55s,,339,True,0,0,380928,348160,524288,PD0089
2026-10-07T07:42:15.496+02:00,1min 56s,,339,True,0,0,380928,348160,524288,PD0089
2026-10-07T07:42:16.496+02:00,1min 57s,,339,True,0,0,380928,348160,524288,PD0089
2026-10-07T07:42:17.496+02:00,1min 58s,,339,True,0,0,380928,348160,524288,PD0089
2026-10-07T07:42:18.496+02:00,1min 59s,,339,True,0,0,380928,348160,524288,PD0089
2026-10-07T07:42:19.496+02:00,2min 0s,,339,True,0,0,380928,348160,524288,PD0089
2026-10-07T07:42:20.497+02:00,2min 1s,,339,True,0,0,380928,348160,524288,PD0089
2026-10-07T07:42:21.497+02:00,2min 2s,,339,True,0,0,380928,348160,524288,PD0089
2026-10-07T07:42:22.497+02:00,2min 3s,,339,True,0,0,380928,348160,524288,PD0089
2026-10-07T07:42:23.497+02:00,2min 4s,,339,True,0,0,380928,348160,524288,PD0089
2026-10-07T07:42:24.497+02:00,2min 5s,,339,True,0,0,380928,348160,524288,PD0089
2026-10-07T07:42:25.497+02:00,2min 6s,,339,True,0,0,380928,348160,524288,PD0089
2026-10-07T07:42:26.497+02:00,2min 7s,,339,True,0,0,380928,348160,524288,PD0089
2026-10-07T07:42:27.498+02:00,2min 8s,,339,True,0,0,380928,348160,524288,PD0089
2026-10-07T07:42:28.498+02:00,2min 9s,,339,True,0,0,380928,348160,524288,PD0089
2026-10-07T07:42:29.498+02:00,2min 10s,,339,True,0,0,380928,348160,524288,PD0089
2026-10-07T07:42:30.498+02:00,2min 11s,,339,True,0,0,380928,348160,524288,PD0089
2026-10-07T07:42:31.498+02:00,2min 12s,,339,True,0,0,380928,348160,524288,PD0089
2026-10-07T07:42:32.498+02:00,2min 13s,,339,True,0,0,380928,348160,524288,PD0089
2026-10-07T07:42:33.499+02:00,2min 14s,,339,True,0,0,380928,348160,524288,PD0089
2026-10-07T07:42:34.499+02:00,2min 15s,,339,True,0,0,380928,348160,524288,PD0089
2026-10-07T07:42:35.499+02:00,2min 16s,,339,True,0,0,380928,348160,524288,PD0089
2026-10-07T07:42:36.499+02:00,2min 17s,,339,True,0,0,380928,348160,524288,PD0089
2026-10-07T07:42:37.499+02:00,2min 18s,,339,True,0,0,380928,348160,524288,PD0089
2026-10-07T07:42:38.499+02:00,2min 19s,,339,True,0,0,380928,348160,524288,PD0089
2026-10-07T07:42:39.500+02:00,2min 20s,,339,True,0,0,380928,348160,524288,PD0089
2026-10-07T07:42:40.500+02:00,2min 21s,,339,True,0,0,380928,348160,524288,PD0089
2026-10-07T07:42:41.500+02:00,2min 22s,,339,True,0,0,380928,348160,524288,PD0089
2026-10-07T07:42:42.500+02:00,2min 23s,,339,True,0,0,380928,348160,524288,PD0089
2026-10-07T07:42:43.500+02:00,2min 24s,,339,True,0,0,380928,348160,524288,PD0089
2026-10-07T07:42:44.500+02:00,2min 25s,,339,True,0,0,380928,348160,524288,PD0089
2026-10-07T07:42:45.501+02:00,2min 26s,,339,True,0,0,380928,348160,524288,PD0089
2026-10-07T07:42:46.501+02:00,2min 27s,,339,True,0,0,380928,348160,524288,PD0089
2026-10-07T07:42:47.501+02:00,2min 28s,,339,True,0,0,380928,348160,524288,PD0089
2026-10-07T07:42:48.501+02:00,2min 29s,,382,True,0,0,380928,524288,524288,PD0089
2026-10-07T07:42:49.501+02:00,2min 30s,,382,True,0,0,380928,524288,524288,PD0089
2026-10-07T07:42:50.501+02:00,2min 31s,,382,True,0,0,380928,524288,524288,PD0089
2026-10-07T07:42:51.502+02:00,2min 32s,,382,True,0,0,380928,524288,524288,PD0089
2026-10-07T07:42:52.502+02:00,2min 33s,,382,True,0,0,380928,524288,524288,PD0089
2026-10-07T07:42:53.502+02:00,2min 34s,,382,True,0,0,380928,524288,524288,PD0089
2026-10-07T07:42:54.502+02:00,2min 35s,,382,True,0,0,380928,524288,524288,PD0089
2026-10-07T07:42:55.502+02:00,2min 36s,,382,True,0,0,380928,524288,524288,PD0089
2026-10-07T07:42:56.503+02:00,2min 37s,,382,True,0,0,380928,524288,524288,PD0089
2026-10-07T07:42:57.503+02:00,2min 38s,,382,True,0,0,380928,524288,524288,PD0089
2026-10-07T07:42:58.503+02:00,2min 39s,,382,True,0,0,380928,524288,524288,PD0089
2026-10-07T07:42:59.503+02:00,2min 40s,,382,True,0,0,380928,524288,524288,PD0089
2026-10-07T07:43:00.503+02:00,2min 41s,,382,True,0,0,380928,524288,524288,PD0089
2026-10-07T07:43:01.503+02:00,2min 42s,,382,True,0,0,380928,524288,524288,PD0089
2026-10-07T07:43:02.503+02:00,2min 43s,,382,True,0,0,380928,524288,524288,PD0089
2026-10-07T07:43:03.504+02:00,2min 44s,,382,True,0,0,380928,524288,524288,PD0089
2026-10-07T07:43:04.504+02:00,2min 45s,,382,True,0,0,380928,524288,524288,PD0089
2026-10-07T07:43:05.504+02:00,2min 46s,,382,True,0,0,380928,524288,524288,PD0089
2026-10-07T07:43:06.504+02:00,2min 47s,,382,True,0,0,380928,524288,524288,PD0089
2026-10-07T07:43:07.504+02:00,2min 48s,,382,True,0,0,380928,524288,524288,PD0089
2026-10-07T07:43:08.504+02:00,2min 49s,,382,True,0,0,380928,524288,524288,PD0089
2026-10-07T07:43:09.505+02:00,2min 50s,,382,True,0,0,380928,524288,524288,PD0089
2026-10-07T07:43:10.505+02:00,2min 51s,,382,True,0,0,380928,524288,524288,PD0089
2026-10-07T07:43:11.505+02:00,2min 52s,,382,True,0,0,380928,524288,524288,PD0089
2026-10-07T07:43:12.505+02:00,2min 53s,,382,True,0,0,380928,524288,524288,PD0089
2026-10-07T07:43:13.505+02:00,2min 54s,,382,True,0,0,380928,524288,524288,PD0089
2026-10-07T07:43:14.506+02:00,2min 55s,,382,True,0,0,380928,524288,524288,PD0089
2026-10-07T07:43:15.506+02:00,2min 56s,,382,True,0,0,380928,524288,524288,PD0089
2026-10-07T07:43:16.506+02:00,2min 57s,,382,True,0,0,380928,524288,524288,PD0089
2026-10-07T07:43:17.506+02:00,2min 58s,,382,True,0,0,380928,524288,524288,PD0089
2026-10-07T07:43:18.506+02:00,2min 59s,,382,True,0,0,380928,524288,524288,PD0089
2026-10-07T07:43:19.506+02:00,3min 0s,,382,True,0,0,380928,524288,524288,PD0089
2026-10-07T07:43:20.507+02:00,3min 1s,,382,True,0,0,380928,524288,524288,PD0089
2026-10-07T07:43:21.507+02:00,3min 2s,,382,True,0,0,380928,524288,524288,PD0089
2026-10-07T07:43:22.507+02:00,3min 3s,,382,True,0,0,380928,524288,524288,PD0089
2026-10-07T07:43:23.507+02:00,3min 4s,,382,True,0,0,380928,524288,524288,PD0089
2026-10-07T07:43:24.507+02:00,3min 5s,,382,True,0,0,380928,524288,524288,PD0089
2026-10-07T07:43:25.507+02:00,3min 6s,,382,True,0,0,380928,524288,524288,PD0089
2026-10-07T07:43:26.507+02:00,3min 7s,,382,True,0,0,380928,524288,524288,PD0089
2026-10-07T07:43:27.508+02:00,3min 8s,,382,True,0,0,380928,524288,524288,PD0089
2026-10-07T07:43:28.508+02:00,3min 9s,,382,True,0,0,380928,524288,524288,PD0089
2026-10-07T07:43:29.508+02:00,3min 10s,,382,True,0,0,380928,524288,524288,PD0089
2026-10-07T07:43:30.508+02:00,3min 11s,,382,True,0,0,380928,524288,524288,PD0089
2026-10-07T07:43:31.508+02:00,3min 12s,,382,True,0,0,380928,524288,524288,PD0089
2026-10-07T07:43:32.508+02:00,3min 13s,,382,True,0,0,380928,524288,524288,PD0089
2026-10-07T07:43:33.509+02:00,3min 14s,,382,True,0,0,380928,524288,524288,PD0089
2026-10-07T07:43:34.509+02:00,3min 15s,,382,True,0,0,380928,524288,524288,PD0089
2026-10-07T07:43:35.509+02:00,3min 16s,,382,True,0,0,380928,524288,524288,PD0089
2026-10-07T07:43:36.509+02:00,3min 17s,,382,True,0,0,380928,524288,524288,PD0089
2026-10-07T07:43:37.509+02:00,3min 18s,,382,True,0,0,380928,524288,524288,PD0089
2026-10-07T07:43:38.509+02:00,3min 19s,,382,True,0,0,380928,524288,524288,PD0089
2026-10-07T07:43:39.509+02:00,3min 20s,,382,True,0,0,380928,524288,524288,PD0089
2026-10-07T07:43:40.510+02:00,3min 21s,,382,True,0,0,380928,524288,524288,PD0089
2026-10-07T07:43:41.510+02:00,3min 22s,,382,True,0,0,380928,524288,524288,PD0089
2026-10-07T07:43:42.510+02:00,3min 23s,,382,True,0,0,380928,524288,524288,PD0089
2026-10-07T07:43:43.510+02:00,3min 24s,,382,True,0,0,380928,524288,524288,PD0089
2026-10-07T07:43:44.510+02:00,3min 25s,,382,True,0,0,380928,524288,524288,PD0089
2026-10-07T07:43:45.510+02:00,3min 26s,,382,True,0,0,380928,524288,524288,PD0089
2026-10-07T07:43:46.510+02:00,3min 27s,,382,True,0,0,380928,524288,524288,PD0089
2026-10-07T07:43:47.511+02:00,3min 28s,,382,True,0,0,380928,524288,524288,PD0089
2026-10-07T07:43:48.511+02:00,3min 29s,,382,True,0,0,380928,524288,524288,PD0089
2026-10-07T07:43:49.511+02:00,3min 30s,,382,True,0,0,380928,524288,524288,PD0089
2026-10-07T07:43:50.511+02:00,3min 31s,,382,True,0,0,380928,524288,524288,PD0089
2026-10-07T07:43:51.511+02:00,3min 32s,,382,True,0,0,380928,524288,524288,PD0089
2026-10-07T07:43:52.511+02:00,3min 33s,,382,True,0,0,380928,524288,524288,PD0089
2026-10-07T07:43:53.511+02:00,3min 34s,,382,True,0,0,380928,524288,524288,PD0089
2026-10-07T07:43:54.512+02:00,3min 35s,,382,True,0,0,380928,524288,524288,PD0089
2026-10-07T07:43:55.512+02:00,3min 36s,,382,True,0,0,380928,524288,524288,PD0089
2026-10-07T07:43:56.512+02:00,3min 37s,,382,True,0,0,380928,524288,524288,PD0089
2026-10-07T07:43:57.512+02:00,3min 38s,,382,True,0,0,380928,524288,524288,PD0089
2026-10-07T07:43:58.512+02:00,3min 39s,,382,True,0,0,380928,524288,524288,PD0089
2026-10-07T07:43:59.512+02:00,3min 40s,,382,True,0,0,380928,524288,524288,PD0089
2026-10-07T07:44:00.513+02:00,3min 41s,,382,True,0,0,380928,524288,524288,PD0089
2026-10-07T07:44:01.513+02:00,3min 42s,,382,True,0,0,380928,524288,524288,PD0089
2026-10-07T07:44:02.513+02:00,3min 43s,,382,True,0,0,380928,524288,524288,PD0089
2026-10-07T07:44:03.513+02:00,3min 44s,,382,True,0,0,380928,524288,524288,PD0089
2026-10-07T07:44:04.513+02:00,3min 45s,,382,True,0,0,380928,524288,524288,PD0089
2026-10-07T07:44:05.513+02:00,3min 46s,,382,True,0,0,380928,524288,524288,PD0089
2026-10-07T07:44:06.513+02:00,3min 47s,,382,True,0,0,380928,524288,524288,PD0089
2026-10-07T07:44:07.514+02:00,3min 48s,,382,True,0,0,380928,524288,524288,PD0089
2026-10-07T07:44:08.514+02:00,3min 49s,,553,True,0,0,1085440,524288,524288,PD0089
2026-10-07T07:44:09.514+02:00,3min 50s,,802,True,0,0,2105344,524288,524288,PD0089
2026-10-07T07:44:10.514+02:00,3min 51s,,1055,True,0,0,3141632,524288,524288,PD0089
2026-10-07T07:44:11.514+02:00,3min 52s,,1305,True,0,0,4165632,524288,524288,PD0089
2026-10-07T07:44:12.514+02:00,3min 53s,,1313,True,0,0,4194304,524288,524288,PD0089
2026-10-07T07:44:13.515+02:00,3min 54s,,1313,True,0,0,4194304,524288,524288,PD0089
2026-10-07T07:44:14.515+02:00,3min 55s,,1313,True,0,0,4194304,524288,524288,PD0089
2026-10-07T07:44:15.515+02:00,3min 56s,,1483,True,0,0,4894720,524288,524288,PD0089
2026-10-07T07:44:16.515+02:00,3min 57s,,1735,True,0,0,5922816,524288,524288,PD0089
2026-10-07T07:44:17.515+02:00,3min 58s,,2003,True,0,0,7020544,524288,524288,PD0089
2026-10-07T07:44:18.515+02:00,3min 59s,,2250,True,0,0,8036352,524288,524288,PD0089
2026-10-07T07:44:19.516+02:00,4min 0s,,2337,True,0,0,8388608,524288,524288,PD0089
2026-10-07T07:44:20.516+02:00,4min 1s,,2337,True,0,0,8388608,524288,524288,PD0089
2026-10-07T07:44:21.516+02:00,4min 2s,,2337,True,0,0,8388608,524288,524288,PD0089
2026-10-07T07:44:22.516+02:00,4min 3s,,2337,True,0,0,8388608,524288,524288,PD0089
2026-10-07T07:44:23.517+02:00,4min 4s,,2337,True,0,0,8388608,524288,524288,PD0089
2026-10-07T07:44:24.517+02:00,4min 5s,,2337,True,0,0,8388608,524288,524288,PD0089
2026-10-07T07:44:25.517+02:00,4min 6s,,2337,True,0,0,8388608,524288,524288,PD0089
2026-10-07T07:44:26.517+02:00,4min 7s,,2337,True,0,0,8388608,524288,524288,PD0089
2026-10-07T07:44:27.517+02:00,4min 8s,,2337,True,0,0,8388608,524288,524288,PD0089
2026-10-07T07:44:28.518+02:00,4min 9s,,2337,True,0,0,8388608,524288,524288,PD0089
2026-10-07T07:44:29.518+02:00,4min 10s,,2337,True,0,0,8388608,524288,524288,PD0089
2026-10-07T07:44:30.518+02:00,4min 11s,,2337,True,0,0,8388608,524288,524288,PD0089
2026-10-07T07:44:31.518+02:00,4min 12s,,2337,True,0,0,8388608,524288,524288,PD0089
2026-10-07T07:44:32.518+02:00,4min 13s,,2337,True,0,0,8388608,524288,524288,PD0089
2026-10-07T07:44:33.519+02:00,4min 14s,,2337,True,0,0,8388608,524288,524288,PD0089
2026-10-07T07:44:34.519+02:00,4min 15s,,2337,True,0,0,8388608,524288,524288,PD0089
2026-10-07T07:44:35.519+02:00,4min 16s,,2337,True,0,0,8388608,524288,524288,PD0089
2026-10-07T07:44:36.519+02:00,4min 17s,,2337,True,0,0,8388608,524288,524288,PD0089
2026-10-07T07:44:37.519+02:00,4min 18s,,2337,True,0,0,8388608,524288,524288,PD0089
2026-10-07T07:44:38.519+02:00,4min 19s,,2337,True,0,0,8388608,524288,524288,PD0089
2026-10-07T07:44:39.520+02:00,4min 20s,,2337,True,0,0,8388608,524288,524288,PD0089
2026-10-07T07:44:40.520+02:00,4min 21s,,2337,True,0,0,8388608,524288,524288,PD0089
2026-10-07T07:44:41.520+02:00,4min 22s,,2337,True,0,0,8388608,524288,524288,PD0089
2026-10-07T07:44:42.520+02:00,4min 23s,,2337,True,0,0,8388608,524288,524288,PD0089
2026-10-07T07:44:43.520+02:00,4min 24s,,2337,True,0,0,8388608,524288,524288,PD0089
2026-10-07T07:44:44.520+02:00,4min 25s,,2337,True,0,0,8388608,524288,524288,PD0089
2026-10-07T07:44:45.521+02:00,4min 26s,,2337,True,0,0,8388608,524288,524288,PD0089
2026-10-07T07:44:46.521+02:00,4min 27s,,2337,True,0,0,8388608,524288,524288,PD0089
2026-10-07T07:44:47.521+02:00,4min 28s,,2337,True,0,0,8388608,524288,524288,PD0089
2026-10-07T07:44:48.521+02:00,4min 29s,,2337,True,0,0,8388608,524288,524288,PD0089
2026-10-07T07:44:49.521+02:00,4min 30s,,2337,True,0,0,8388608,524288,524288,PD0089
2026-10-07T07:44:50.521+02:00,4min 31s,,2337,True,0,0,8388608,524288,524288,PD0089
2026-10-07T07:44:51.521+02:00,4min 32s,,2337,True,0,0,8388608,524288,524288,PD0089
2026-10-07T07:44:52.522+02:00,4min 33s,,2337,True,0,0,8388608,524288,524288,PD0089
2026-10-07T07:44:53.522+02:00,4min 34s,,2337,True,0,0,8388608,524288,524288,PD0089
2026-10-07T07:44:54.522+02:00,4min 35s,,2337,True,0,0,8388608,524288,524288,PD0089
2026-10-07T07:44:55.522+02:00,4min 36s,,2337,True,0,0,8388608,524288,524288,PD0089
2026-10-07T07:44:56.522+02:00,4min 37s,,2337,True,0,0,8388608,524288,524288,PD0089
2026-10-07T07:44:57.522+02:00,4min 38s,,2337,True,0,0,8388608,524288,524288,PD0089
2026-10-07T07:44:58.522+02:00,4min 39s,,2337,True,0,0,8388608,524288,524288,PD0089
2026-10-07T07:44:59.523+02:00,4min 40s,,2337,True,0,0,8388608,524288,524288,PD0089
2026-10-07T07:45:00.523+02:00,4min 41s,,2337,True,0,0,8388608,524288,524288,PD0089
2026-10-07T07:45:01.523+02:00,4min 42s,,2337,True,0,0,8388608,524288,524288,PD0089
2026-10-07T07:45:02.523+02:00,4min 43s,,2337,True,0,0,8388608,524288,524288,PD0089
2026-10-07T07:45:03.523+02:00,4min 44s,,2337,True,0,0,8388608,524288,524288,PD0089
2026-10-07T07:45:04.524+02:00,4min 45s,,2337,True,0,0,8388608,524288,524288,PD0089
2026-10-07T07:45:05.524+02:00,4min 46s,,2337,True,0,0,8388608,524288,524288,PD0089
2026-10-07T07:45:06.524+02:00,4min 47s,,2337,True,0,0,8388608,524288,524288,PD0089
2026-10-07T07:45:07.524+02:00,4min 48s,,2337,True,0,0,8388608,524288,524288,PD0089
2026-10-07T07:45:08.524+02:00,4min 49s,,2337,True,0,0,8388608,524288,524288,PD0089
2026-10-07T07:45:09.524+02:00,4min 50s,,2337,True,0,0,8388608,524288,524288,PD0089
2026-10-07T07:45:10.525+02:00,4min 51s,,2337,True,0,0,8388608,524288,524288,PD0089
2026-10-07T07:45:11.525+02:00,4min 52s,,2337,True,0,0,8388608,524288,524288,PD0089
2026-10-07T07:45:12.525+02:00,4min 53s,,2337,True,0,0,8388608,524288,524288,PD0089
2026-10-07T07:45:13.525+02:00,4min 54s,,2337,True,0,0,8388608,524288,524288,PD0089
2026-10-07T07:45:14.525+02:00,4min 55s,,2337,True,0,0,8388608,524288,524288,PD0089
2026-10-07T07:45:15.526+02:00,4min 56s,,2337,True,0,0,8388608,524288,524288,PD0089
2026-10-07T07:45:16.526+02:00,4min 57s,,2337,True,0,0,8388608,524288,524288,PD0089
2026-10-07T07:45:17.526+02:00,4min 58s,,2337,True,0,0,8388608,524288,524288,PD0089
2026-10-07T07:45:18.526+02:00,4min 59s,,2337,True,0,0,8388608,524288,524288,PD0089
2026-10-07T07:45:19.526+02:00,5min 0s,,2337,True,0,0,8388608,524288,524288,PD0089
2026-10-07T07:45:20.526+02:00,5min 1s,,2337,True,0,0,8388608,524288,524288,PD0089
2026-10-07T07:45:21.527+02:00,5min 2s,,2337,True,0,0,8388608,524288,524288,PD0089
2026-10-07T07:45:22.527+02:00,5min 3s,,2337,True,0,0,8388608,524288,524288,PD0089
2026-10-07T07:45:23.527+02:00,5min 4s,,2337,True,0,0,8388608,524288,524288,PD0089
2026-10-07T07:45:24.527+02:00,5min 5s,,2337,True,0,0,8388608,524288,524288,PD0089
2026-10-07T07:45:25.528+02:00,5min 6s,,2337,True,0,0,8388608,524288,524288,PD0089
2026-10-07T07:45:26.528+02:00,5min 7s,,2337,True,0,0,8388608,524288,524288,PD0089
2026-10-07T07:45:27.528+02:00,5min 8s,,2337,True,0,0,8388608,524288,524288,PD0089
2026-10-07T07:45:28.528+02:00,5min 9s,,2337,True,0,0,8388608,524288,524288,PD0089
2026-10-07T07:45:29.528+02:00,5min 10s,,2337,True,0,0,8388608,524288,524288,PD0089
2026-10-07T07:45:30.528+02:00,5min 11s,,2337,True,0,0,8388608,524288,524288,PD0089
2026-10-07T07:45:31.528+02:00,5min 12s,,2337,True,0,0,8388608,524288,524288,PD0089
2026-10-07T07:45:32.529+02:00,5min 13s,,2337,True,0,0,8388608,524288,524288,PD0089
2026-10-07T07:45:33.529+02:00,5min 14s,,2337,True,0,0,8388608,524288,524288,PD0089
2026-10-07T07:45:34.529+02:00,5min 15s,,2337,True,0,0,8388608,524288,524288,PD0089
2026-10-07T07:45:35.529+02:00,5min 16s,,2337,True,0,0,8388608,524288,524288,PD0089
2026-10-07T07:45:36.529+02:00,5min 17s,,2337,True,0,0,8388608,524288,524288,PD0089
2026-10-07T07:45:37.529+02:00,5min 18s,,2337,True,0,0,8388608,524288,524288,PD0089
2026-10-07T07:45:38.530+02:00,5min 19s,,2337,True,0,0,8388608,524288,524288,PD0089
2026-10-07T07:45:39.530+02:00,5min 20s,,2337,True,0,0,8388608,524288,524288,PD0089
2026-10-07T07:45:40.530+02:00,5min 21s,,2337,True,0,0,8388608,524288,524288,PD0089
2026-10-07T07:45:41.530+02:00,5min 22s,,2337,True,0,0,8388608,524288,524288,PD0089
2026-10-07T07:45:42.530+02:00,5min 23s,,2337,True,0,0,8388608,524288,524288,PD0089
2026-10-07T07:45:43.530+02:00,5min 24s,,2337,True,0,0,8388608,524288,524288,PD0089
2026-10-07T07:45:44.531+02:00,5min 25s,,2337,True,0,0,8388608,524288,524288,PD0089
2026-10-07T07:45:45.531+02:00,5min 26s,,2337,True,0,0,8388608,524288,524288,PD0089
2026-10-07T07:45:46.531+02:00,5min 27s,,2337,True,0,0,8388608,524288,524288,PD0089
2026-10-07T07:45:47.531+02:00,5min 28s,,2337,True,0,0,8388608,524288,524288,PD0089
2026-10-07T07:45:48.531+02:00,5min 29s,,2337,True,0,0,8388608,524288,524288,PD0089
2026-10-07T07:45:49.531+02:00,5min 30s,,2337,True,0,0,8388608,524288,524288,PD0089
2026-10-07T07:45:50.531+02:00,5min 31s,,2337,True,0,0,8388608,524288,524288,PD0089
2026-10-07T07:45:51.532+02:00,5min 32s,,2337,True,0,0,8388608,524288,524288,PD0089
2026-10-07T07:45:52.532+02:00,5min 33s,,2337,True,0,0,8388608,524288,524288,PD0089
2026-10-07T07:45:53.532+02:00,5min 34s,,2337,True,0,0,8388608,524288,524288,PD0089
2026-10-07T07:45:54.532+02:00,5min 35s,,2337,True,0,0,8388608,524288,524288,PD0089
2026-10-07T07:45:55.533+02:00,5min 36s,,2337,True,0,0,8388608,524288,524288,PD0089
2026-10-07T07:45:56.533+02:00,5min 37s,,2337,True,0,0,8388608,524288,524288,PD0089
2026-10-07T07:45:57.533+02:00,5min 38s,,2337,True,0,0,8388608,524288,524288,PD0089
2026-10-07T07:45:58.533+02:00,5min 39s,,2337,True,0,0,8388608,524288,524288,PD0089
2026-10-07T07:45:59.533+02:00,5min 40s,,2337,True,0,0,8388608,524288,524288,PD0089
2026-10-07T07:46:00.533+02:00,5min 41s,,2337,True,0,0,8388608,524288,524288,PD0089
2026-10-07T07:46:01.533+02:00,5min 42s,,2337,True,0,0,8388608,524288,524288,PD0089
2026-10-07T07:46:02.534+02:00,5min 43s,,2337,True,0,0,8388608,524288,524288,PD0089
2026-10-07T07:46:03.534+02:00,5min 44s,,2337,True,0,0,8388608,524288,524288,PD0089
2026-10-07T07:46:04.534+02:00,5min 45s,,2337,True,0,0,8388608,524288,524288,PD0089
2026-10-07T07:46:05.534+02:00,5min 46s,,2337,True,0,0,8388608,524288,524288,PD0089
2026-10-07T07:46:06.534+02:00,5min 47s,,2337,True,0,0,8388608,524288,524288,PD0089
2026-10-07T07:46:07.535+02:00,5min 48s,,2337,True,0,0,8388608,524288,524288,PD0089
2026-10-07T07:46:08.535+02:00,5min 49s,,2337,True,0,0,8388608,524288,524288,PD0089
2026-10-07T07:46:09.535+02:00,5min 50s,,2337,True,0,0,8388608,524288,524288,PD0089
2026-10-07T07:46:10.535+02:00,5min 51s,,2337,True,0,0,8388608,524288,524288,PD0089
2026-10-07T07:46:11.535+02:00,5min 52s,,2337,True,0,0,8388608,524288,524288,PD0089
2026-10-07T07:46:12.535+02:00,5min 53s,,2337,True,0,0,8388608,524288,524288,PD0089
2026-10-07T07:46:13.536+02:00,5min 54s,,2337,True,0,0,8388608,524288,524288,PD0089
2026-10-07T07:46:14.536+02:00,5min 55s,,2337,True,0,0,8388608,524288,524288,PD0089
2026-10-07T07:46:15.536+02:00,5min 56s,,2337,True,0,0,8388608,524288,524288,PD0089
2026-10-07T07:46:16.536+02:00,5min 57s,,2337,True,0,0,8388608,524288,524288,PD0089
2026-10-07T07:46:17.536+02:00,5min 58s,,2337,True,0,0,8388608,524288,524288,PD0089
2026-10-07T07:46:18.536+02:00,5min 59s,,2337,True,0,0,8388608,524288,524288,PD0089
2026-10-07T07:46:19.536+02:00,6min 0s,,2337,True,0,0,8388608,524288,524288,PD0089
2026-10-07T07:46:20.537+02:00,6min 1s,,2337,True,0,0,8388608,524288,524288,PD0089
2026-10-07T07:46:21.537+02:00,6min 2s,,2337,True,0,0,8388608,524288,524288,PD0089
2026-10-07T07:46:22.537+02:00,6min 3s,,2337,True,0,0,8388608,524288,524288,PD0089
2026-10-07T07:46:23.537+02:00,6min 4s,,2337,True,0,0,8388608,524288,524288,PD0089
2026-10-07T07:46:24.537+02:00,6min 5s,,2337,True,0,0,8388608,524288,524288,PD0089
2026-10-07T07:46:25.537+02:00,6min 6s,,2337,True,0,0,8388608,524288,524288,PD0089
2026-10-07T07:46:26.538+02:00,6min 7s,,2337,True,0,0,8388608,524288,524288,PD0089
2026-10-07T07:46:27.538+02:00,6min 8s,,2337,True,0,0,8388608,524288,524288,PD0089
2026-10-07T07:46:28.538+02:00,6min 9s,,2337,True,0,0,8388608,524288,524288,PD0089
2026-10-07T07:46:29.538+02:00,6min 10s,,2337,True,0,0,8388608,524288,524288,PD0089
2026-10-07T07:46:30.538+02:00,6min 11s,,2337,True,0,0,8388608,524288,524288,PD0089
2026-10-07T07:46:31.539+02:00,6min 12s,,2337,True,0,0,8388608,524288,524288,PD0089
2026-10-07T07:46:32.539+02:00,6min 14s,,2337,True,0,0,8388608,524288,524288,PD0089
2026-10-07T07:46:33.539+02:00,6min 14s,,2337,True,0,0,8388608,524288,524288,PD0089
2026-10-07T07:46:34.539+02:00,6min 15s,,2337,True,0,0,8388608,524288,524288,PD0089
2026-10-07T07:46:35.539+02:00,6min 16s,,2337,True,0,0,8388608,524288,524288,PD0089
2026-10-07T07:46:36.540+02:00,6min 17s,,2337,True,0,0,8388608,524288,524288,PD0089
2026-10-07T07:46:37.540+02:00,6min 18s,,2337,True,0,0,8388608,524288,524288,PD0089
2026-10-07T07:46:38.540+02:00,6min 19s,,2337,True,0,0,8388608,524288,524288,PD0089
2026-10-07T07:46:39.540+02:00,6min 20s,,2337,True,0,0,8388608,524288,524288,PD0089
2026-10-07T07:46:40.540+02:00,6min 21s,,2337,True,0,0,8388608,524288,524288,PD0089
2026-10-07T07:46:41.540+02:00,6min 22s,,2337,True,0,0,8388608,524288,524288,PD0089
2026-10-07T07:46:42.540+02:00,6min 23s,,2337,True,0,0,8388608,524288,524288,PD0089
2026-10-07T07:46:43.541+02:00,6min 24s,,2337,True,0,0,8388608,524288,524288,PD0089
2026-10-07T07:46:44.541+02:00,6min 25s,,2337,True,0,0,8388608,524288,524288,PD0089
2026-10-07T07:46:45.541+02:00,6min 26s,,2337,True,0,0,8388608,524288,524288,PD0089
2026-10-07T07:46:46.541+02:00,6min 27s,,2337,True,0,0,8388608,524288,524288,PD0089
2026-10-07T07:46:47.541+02:00,6min 28s,,2337,True,0,0,8388608,524288,524288,PD0089
2026-10-07T07:46:48.541+02:00,6min 29s,,2337,True,0,0,8388608,524288,524288,PD0089
2026-10-07T07:46:49.542+02:00,6min 30s,,2337,True,0,0,8388608,524288,524288,PD0089
2026-10-07T07:46:50.542+02:00,6min 31s,,2337,True,0,0,8388608,524288,524288,PD0089
2026-10-07T07:46:51.542+02:00,6min 32s,,2337,True,0,0,8388608,524288,524288,PD0089
2026-10-07T07:46:52.542+02:00,6min 33s,,2337,True,0,0,8388608,524288,524288,PD0089
2026-10-07T07:46:53.542+02:00,6min 34s,,2337,True,0,0,8388608,524288,524288,PD0089
2026-10-07T07:46:54.543+02:00,6min 35s,,2337,True,0,0,8388608,524288,524288,PD0089
2026-10-07T07:46:55.543+02:00,6min 36s,,2337,True,0,0,8388608,524288,524288,PD0089
2026-10-07T07:46:56.543+02:00,6min 37s,,2337,True,0,0,8388608,524288,524288,PD0089
2026-10-07T07:46:57.543+02:00,6min 38s,,2337,True,0,0,8388608,524288,524288,PD0089
2026-10-07T07:47:02.548+02:00,3s,,167,True,0,0,32768,0,524288,PD0089
2026-10-07T07:47:03.548+02:00,4s,,167,True,0,0,32768,0,524288,PD0089
2026-10-07T07:47:04.548+02:00,5s,,167,True,0,0,32768,0,524288,PD0089
2026-10-07T07:47:05.549+02:00,6s,,167,True,0,0,32768,0,524288,PD0089
2026-10-07T07:47:06.549+02:00,7s,,167,True,0,0,32768,0,524288,PD0089
2026-10-07T07:47:07.549+02:00,8s,,167,True,0,0,32768,0,524288,PD0089
2026-10-07T07:47:08.549+02:00,9s,,167,True,0,0,32768,0,524288,PD0089
2026-10-07T07:47:09.549+02:00,10s,,167,True,0,0,32768,0,524288,PD0089
2026-10-07T07:47:10.549+02:00,11s,,167,True,0,0,32768,0,524288,PD0089
2026-10-07T07:47:11.550+02:00,12s,,167,True,0,0,32768,0,524288,PD0089
2026-10-07T07:47:12.550+02:00,13s,,167,True,0,0,32768,0,524288,PD0089
2026-10-07T07:47:13.550+02:00,14s,,167,True,0,0,32768,0,524288,PD0089
2026-10-07T07:47:14.550+02:00,15s,,167,True,0,0,32768,0,524288,PD0089
2026-10-07T07:47:15.550+02:00,16s,,167,True,0,0,32768,0,524288,PD0089
2026-10-07T07:47:16.550+02:00,17s,,167,True,0,0,32768,0,524288,PD0089
2026-10-07T07:47:17.550+02:00,18s,,167,True,0,0,32768,0,524288,PD0089
2026-10-07T07:47:18.551+02:00,19s,,167,True,0,0,32768,0,524288,PD0089
2026-10-07T07:47:19.551+02:00,20s,,167,True,0,0,32768,0,524288,PD0089
2026-10-07T07:47:20.551+02:00,21s,,167,True,0,0,32768,0,524288,PD0089
2026-10-07T07:47:21.551+02:00,22s,,167,True,0,0,32768,0,524288,PD0089
2026-10-07T07:47:22.551+02:00,23s,,167,True,0,0,32768,0,524288,PD0089
2026-10-07T07:47:23.551+02:00,24s,,167,True,0,0,32768,0,524288,PD0089
2026-10-07T07:47:24.552+02:00,25s,,167,True,0,0,32768,0,524288,PD0089
2026-10-07T07:47:25.552+02:00,26s,,167,True,0,0,32768,0,524288,PD0089
2026-10-07T07:47:26.552+02:00,27s,,167,True,0,0,32768,0,524288,PD0089
2026-10-07T07:47:27.552+02:00,28s,,167,True,0,0,32768,0,524288,PD0089
2026-10-07T07:47:28.552+02:00,29s,,167,True,0,0,32768,0,524288,PD0089
2026-10-07T07:47:29.552+02:00,30s,,167,True,0,0,32768,0,524288,PD0089
2026-10-07T07:47:30.553+02:00,31s,,167,True,0,0,32768,0,524288,PD0089
2026-10-07T07:47:31.553+02:00,32s,,167,True,0,0,32768,0,524288,PD0089
2026-10-07T07:47:32.553+02:00,33s,,167,True,0,0,32768,0,524288,PD0089
2026-10-07T07:47:33.553+02:00,34s,,167,True,0,0,32768,0,524288,PD0089
2026-10-07T07:47:34.553+02:00,35s,,167,True,0,0,32768,0,524288,PD0089
2026-10-07T07:47:35.553+02:00,36s,,167,True,0,0,32768,0,524288,PD0089
2026-10-07T07:47:36.554+02:00,37s,,167,True,0,0,32768,0,524288,PD0089
2026-10-07T07:47:37.554+02:00,38s,,167,True,0,0,32768,0,524288,PD0089
2026-10-07T07:47:38.554+02:00,39s,,167,True,0,0,32768,0,524288,PD0089
2026-10-07T07:47:39.554+02:00,40s,,167,True,0,0,32768,0,524288,PD0089
2026-10-07T07:47:40.554+02:00,41s,,167,True,0,0,32768,0,524288,PD0089
2026-10-07T07:47:41.554+02:00,42s,,167,True,0,0,32768,0,524288,PD0089
2026-10-07T07:47:42.554+02:00,43s,,167,True,0,0,32768,0,524288,PD0089
2026-10-07T07:47:43.555+02:00,44s,,167,True,0,0,32768,0,524288,PD0089
2026-10-07T07:47:44.555+02:00,45s,,167,True,0,0,32768,0,524288,PD0089
2026-10-07T07:47:45.555+02:00,46s,,167,True,0,0,32768,0,524288,PD0089
2026-10-07T07:47:46.555+02:00,47s,,167,True,0,0,32768,0,524288,PD0089
2026-10-07T07:47:47.555+02:00,48s,,167,True,0,0,32768,0,524288,PD0089
2026-10-07T07:47:48.555+02:00,49s,,167,True,0,0,32768,0,524288,PD0089
2026-10-07T07:47:49.556+02:00,50s,,167,True,0,0,32768,0,524288,PD0089
2026-10-07T07:47:50.556+02:00,51s,,167,True,0,0,32768,0,524288,PD0089
2026-10-07T07:47:51.556+02:00,52s,,167,True,0,0,32768,0,524288,PD0089
2026-10-07T07:47:52.556+02:00,53s,,167,True,0,0,32768,0,524288,PD0089
2026-10-07T07:47:53.556+02:00,54s,,167,True,0,0,32768,0,524288,PD0089
2026-10-07T07:47:54.557+02:00,55s,,167,True,0,0,32768,0,524288,PD0089
2026-10-07T07:47:55.557+02:00,56s,,167,True,0,0,32768,0,524288,PD0089
2026-10-07T07:47:56.557+02:00,57s,,167,True,0,0,32768,0,524288,PD0089
2026-10-07T07:47:57.557+02:00,58s,,167,True,0,0,32768,0,524288,PD0089
2026-10-07T07:47:58.557+02:00,59s,,167,True,0,0,32768,0,524288,PD0089
2026-10-07T07:47:59.557+02:00,1min 0s,,167,True,0,0,32768,0,524288,PD0089
2026-10-07T07:48:00.558+02:00,1min 1s,,167,True,0,0,32768,0,524288,PD0089
2026-10-07T07:48:01.558+02:00,1min 2s,,167,True,0,0,32768,0,524288,PD0089
2026-10-07T07:48:02.558+02:00,1min 3s,,167,True,0,0,32768,0,524288,PD0089
2026-10-07T07:48:03.558+02:00,1min 4s,,167,True,0,0,32768,0,524288,PD0089
2026-10-07T07:48:04.558+02:00,1min 5s,,167,True,0,0,32768,0,524288,PD0089
2026-10-07T07:48:05.558+02:00,1min 6s,,167,True,0,0,32768,0,524288,PD0089
2026-10-07T07:48:06.559+02:00,1min 7s,,167,True,0,0,32768,0,524288,PD0089
2026-10-07T07:48:07.559+02:00,1min 8s,,167,True,0,0,32768,0,524288,PD0089
2026-10-07T07:48:08.559+02:00,1min 9s,,167,True,0,0,32768,0,524288,PD0089
2026-10-07T07:48:09.559+02:00,1min 10s,,167,True,0,0,32768,0,524288,PD0089
2026-10-07T07:48:10.559+02:00,1min 11s,,169,True,0,0,32768,8192,524288,PD0089
2026-10-07T07:48:11.559+02:00,1min 12s,fav1,295,True,196608,196608,32768,524288,524288,PD0089
2026-10-07T07:48:12.559+02:00,1min 13s,fav1,295,True,196608,196608,32768,524288,524288,PD0089
2026-10-07T07:48:13.560+02:00,1min 14s,fav1,295,True,196608,196608,32768,524288,524288,PD0089
2026-10-07T07:48:14.560+02:00,1min 15s,fav1,295,True,196608,196608,32768,524288,524288,PD0089
2026-10-07T07:48:15.560+02:00,1min 16s,fav1,295,True,196608,196608,32768,524288,524288,PD0089
2026-10-07T07:48:16.560+02:00,1min 17s,fav1,295,True,196608,196608,32768,524288,524288,PD0089
2026-10-07T07:48:17.560+02:00,1min 18s,fav1,295,True,196608,196608,32768,524288,524288,PD0089
2026-10-07T07:48:18.560+02:00,1min 19s,fav1,295,True,196608,196608,32768,524288,524288,PD0089
2026-10-07T07:48:19.561+02:00,1min 20s,fav1,295,True,196608,196608,32768,524288,524288,PD0089
2026-10-07T07:48:20.561+02:00,1min 21s,fav1,295,True,196608,196608,32768,524288,524288,PD0089
2026-10-07T07:48:21.561+02:00,1min 22s,fav1,295,True,196608,196608,32768,524288,524288,PD0089
2026-10-07T07:48:22.561+02:00,1min 23s,fav1,295,True,196608,196608,32768,524288,524288,PD0089
2026-10-07T07:48:23.561+02:00,1min 24s,fav1,295,True,196608,196608,32768,524288,524288,PD0089
2026-10-07T07:48:24.561+02:00,1min 25s,fav1,295,True,196608,196608,32768,524288,524288,PD0089
2026-10-07T07:48:25.561+02:00,1min 26s,fav1,295,True,196608,196608,32768,524288,524288,PD0089
2026-10-07T07:48:26.561+02:00,1min 27s,fav1,295,True,196608,196608,32768,524288,524288,PD0089
2026-10-07T07:48:27.562+02:00,1min 28s,fav1,295,True,196608,196608,32768,524288,524288,PD0089
2026-10-07T07:48:28.562+02:00,1min 29s,fav1,295,True,196608,196608,32768,524288,524288,PD0089
2026-10-07T07:48:29.562+02:00,1min 30s,fav1,295,True,196608,196608,32768,524288,524288,PD0089
2026-10-07T07:48:30.563+02:00,1min 31s,fav1,295,True,196608,196608,32768,524288,524288,PD0089
2026-10-07T07:48:31.563+02:00,1min 32s,fav1,295,True,196608,196608,32768,524288,524288,PD0089
2026-10-07T07:48:32.563+02:00,1min 33s,fav1,295,True,196608,196608,32768,524288,524288,PD0089
2026-10-07T07:48:33.563+02:00,1min 34s,fav1,295,True,196608,196608,32768,524288,524288,PD0089
2026-10-07T07:48:34.563+02:00,1min 35s,fav1,295,True,196608,196608,32768,524288,524288,PD0089
2026-10-07T07:48:35.563+02:00,1min 36s,fav1,295,True,196608,196608,32768,524288,524288,PD0089
2026-10-07T07:48:36.563+02:00,1min 37s,fav1,295,True,196608,196608,32768,524288,524288,PD0089
2026-10-07T07:48:37.564+02:00,1min 38s,fav1,295,True,196608,196608,32768,524288,524288,PD0089
2026-10-07T07:48:38.564+02:00,1min 39s,fav1,295,True,196608,196608,32768,524288,524288,PD0089
2026-10-07T07:48:39.564+02:00,1min 40s,fav1,295,True,196608,196608,32768,524288,524288,PD0089
2026-10-07T07:48:40.564+02:00,1min 41s,fav1,295,True,196608,196608,32768,524288,524288,PD0089
2026-10-07T07:48:41.564+02:00,1min 42s,fav1,295,True,196608,196608,32768,524288,524288,PD0089
2026-10-07T07:48:42.564+02:00,1min 43s,fav1,295,True,196608,196608,32768,524288,524288,PD0089
2026-10-07T07:48:43.564+02:00,1min 44s,fav1,295,True,196608,196608,32768,524288,524288,PD0089
2026-10-07T07:48:44.564+02:00,1min 45s,fav1,295,True,196608,196608,32768,524288,524288,PD0089
2026-10-07T07:48:45.565+02:00,1min 46s,fav1,295,True,196608,196608,32768,524288,524288,PD0089
2026-10-07T07:48:46.565+02:00,1min 47s,fav1,295,True,196608,196608,32768,524288,524288,PD0089
2026-10-07T07:48:47.565+02:00,1min 48s,fav1,295,True,196608,196608,32768,524288,524288,PD0089
2026-10-07T07:48:48.565+02:00,1min 49s,fav1,295,True,196608,196608,32768,524288,524288,PD0089
2026-10-07T07:48:49.565+02:00,1min 50s,fav1,295,True,196608,196608,32768,524288,524288,PD0089
2026-10-07T07:48:50.566+02:00,1min 51s,fav1,295,True,196608,196608,32768,524288,524288,PD0089
2026-10-07T07:48:51.566+02:00,1min 52s,fav1,295,True,196608,196608,32768,524288,524288,PD0089
2026-10-07T07:48:52.566+02:00,1min 53s,fav1,295,True,196608,196608,32768,524288,524288,PD0089
2026-10-07T07:48:53.566+02:00,1min 54s,fav1,295,True,196608,196608,32768,524288,524288,PD0089
2026-10-07T07:48:54.566+02:00,1min 55s,fav1,295,True,196608,196608,32768,524288,524288,PD0089
2026-10-07T07:48:55.566+02:00,1min 56s,fav1,295,True,196608,196608,32768,524288,524288,PD0089
2026-10-07T07:48:56.567+02:00,1min 57s,fav1,295,True,196608,196608,32768,524288,524288,PD0089
2026-10-07T07:48:57.567+02:00,1min 58s,fav1,295,True,196608,196608,32768,524288,524288,PD0089
2026-10-07T07:48:58.567+02:00,1min 59s,fav1,295,True,196608,196608,32768,524288,524288,PD0089
2026-10-07T07:48:59.567+02:00,2min 0s,fav1,295,True,196608,196608,32768,524288,524288,PD0089
2026-10-07T07:49:00.567+02:00,2min 1s,fav1,295,True,196608,196608,32768,524288,524288,PD0089
2026-10-07T07:49:01.567+02:00,2min 2s,fav1,295,True,196608,196608,32768,524288,524288,PD0089
2026-10-07T07:49:02.568+02:00,2min 3s,fav1,295,True,196608,196608,32768,524288,524288,PD0089
2026-10-07T07:49:03.568+02:00,2min 4s,fav1,295,True,196608,196608,32768,524288,524288,PD0089
2026-10-07T07:49:04.568+02:00,2min 5s,fav1,295,True,196608,196608,32768,524288,524288,PD0089
2026-10-07T07:49:05.568+02:00,2min 6s,fav1,295,True,196608,196608,32768,524288,524288,PD0089
2026-10-07T07:49:06.568+02:00,2min 7s,fav1,295,True,196608,196608,32768,524288,524288,PD0089
2026-10-07T07:49:07.568+02:00,2min 8s,fav1,295,True,196608,196608,32768,524288,524288,PD0089
2026-10-07T07:49:08.568+02:00,2min 9s,fav1,295,True,196608,196608,32768,524288,524288,PD0089
2026-10-07T07:49:09.569+02:00,2min 10s,fav1,295,True,196608,196608,32768,524288,524288,PD0089
2026-10-07T07:49:10.569+02:00,2min 11s,fav1,295,True,196608,196608,32768,524288,524288,PD0089
2026-10-07T07:49:11.569+02:00,2min 12s,fav1,295,True,196608,196608,32768,524288,524288,PD0089
2026-10-07T07:49:12.569+02:00,2min 13s,fav1,295,True,196608,196608,32768,524288,524288,PD0089
2026-10-07T07:49:13.569+02:00,2min 14s,fav1,295,True,196608,196608,32768,524288,524288,PD0089
2026-10-07T07:49:14.570+02:00,2min 15s,fav1,295,True,196608,196608,32768,524288,524288,PD0089
2026-10-07T07:49:15.570+02:00,2min 16s,fav1,295,True,196608,196608,32768,524288,524288,PD0089
2026-10-07T07:49:16.570+02:00,2min 17s,fav1,295,True,196608,196608,32768,524288,524288,PD0089
2026-10-07T07:49:17.570+02:00,2min 18s,fav1,295,True,196608,196608,32768,524288,524288,PD0089
2026-10-07T07:49:18.570+02:00,2min 19s,fav1,295,True,196608,196608,32768,524288,524288,PD0089
2026-10-07T07:49:19.571+02:00,2min 20s,fav1,295,True,196608,196608,32768,524288,524288,PD0089
2026-10-07T07:49:20.571+02:00,2min 21s,fav1,295,True,196608,196608,32768,524288,524288,PD0089
2026-10-07T07:49:21.571+02:00,2min 22s,fav1,295,True,196608,196608,32768,524288,524288,PD0089
2026-10-07T07:49:22.571+02:00,2min 23s,fav1,295,True,196608,196608,32768,524288,524288,PD0089
2026-10-07T07:49:23.571+02:00,2min 24s,fav1,295,True,196608,196608,32768,524288,524288,PD0089
2026-10-07T07:49:24.571+02:00,2min 25s,fav1,295,True,196608,196608,32768,524288,524288,PD0089
2026-10-07T07:49:25.572+02:00,2min 26s,fav1,295,True,196608,196608,32768,524288,524288,PD0089
2026-10-07T07:49:26.572+02:00,2min 27s,fav1,295,True,196608,196608,32768,524288,524288,PD0089
2026-10-07T07:49:27.572+02:00,2min 28s,fav1,295,True,196608,196608,32768,524288,524288,PD0089
2026-10-07T07:49:28.572+02:00,2min 29s,fav1,295,True,196608,196608,32768,524288,524288,PD0089
2026-10-07T07:49:29.572+02:00,2min 30s,fav1,295,True,196608,196608,32768,524288,524288,PD0089
2026-10-07T07:49:30.572+02:00,2min 31s,fav1,295,True,196608,196608,32768,524288,524288,PD0089
2026-10-07T07:49:31.573+02:00,2min 32s,fav1,295,True,196608,196608,32768,524288,524288,PD0089
2026-10-07T07:49:32.573+02:00,2min 33s,fav1,295,True,196608,196608,32768,524288,524288,PD0089
2026-10-07T07:49:33.573+02:00,2min 34s,fav1,295,True,196608,196608,32768,524288,524288,PD0089
2026-10-07T07:49:34.573+02:00,2min 35s,fav1,295,True,196608,196608,32768,524288,524288,PD0089
2026-10-07T07:49:35.573+02:00,2min 36s,fav1,295,True,196608,196608,32768,524288,524288,PD0089
2026-10-07T07:49:36.573+02:00,2min 37s,fav1,295,True,196608,196608,32768,524288,524288,PD0089
2026-10-07T07:49:37.574+02:00,2min 38s,fav1,295,True,196608,196608,32768,524288,524288,PD0089
2026-10-07T07:49:38.574+02:00,2min 39s,fav0,361,True,196608,196608,303104,524288,524288,PD0089
2026-10-07T07:49:39.574+02:00,2min 40s,fav0,616,True,196608,196608,1351680,524288,524288,PD0089
2026-10-07T07:49:40.574+02:00,2min 41s,fav0,851,True,331776,466944,2310144,524288,524288,PD0089
2026-10-07T07:49:41.574+02:00,2min 42s,fav0,1044,True,823296,1257472,3100672,524288,524288,PD0089
2026-10-07T07:49:42.574+02:00,2min 43s,fav0,1243,True,1638400,2072576,3915776,524288,524288,PD0089
2026-10-07T07:49:43.574+02:00,2min 44s,fav0,1260,True,1708032,2142208,3985408,524288,524288,PD0089
2026-10-07T07:49:44.575+02:00,2min 45s,fav0,1260,True,1708032,2142208,3985408,524288,524288,PD0089
2026-10-07T07:49:45.575+02:00,2min 46s,fav0,1302,True,1880064,2314240,4157440,524288,524288,PD0089
2026-10-07T07:49:46.575+02:00,2min 47s,fav0,1513,True,2744320,3178496,5021696,524288,524288,PD0089
2026-10-07T07:49:47.575+02:00,2min 48s,fav0,1692,True,3477504,3911680,5754880,524288,524288,PD0089
2026-10-07T07:49:48.575+02:00,2min 49s,fav0,1884,True,4263936,4698112,6541312,524288,524288,PD0089
2026-10-07T07:49:49.575+02:00,2min 50s,fav0,2078,True,5058560,5492736,7335936,524288,524288,PD0089
2026-10-07T07:49:50.576+02:00,2min 51s,fav0,2273,True,5857280,6291456,8138752,524288,524288,PD0089
2026-10-07T07:49:51.576+02:00,2min 52s,fav0,2284,True,5902336,6336512,8179712,524288,524288,PD0089
2026-10-07T07:49:52.576+02:00,2min 53s,fav0,2284,True,5902336,6336512,8179712,524288,524288,PD0089
2026-10-07T07:49:53.576+02:00,2min 54s,fav0,2284,True,5902336,6336512,8179712,524288,524288,PD0089
2026-10-07T07:49:54.576+02:00,2min 55s,fav0,2284,True,5902336,6336512,8179712,524288,524288,PD0089
2026-10-07T07:49:55.577+02:00,2min 56s,fav0,2284,True,5902336,6336512,8179712,524288,524288,PD0089
2026-10-07T07:49:56.577+02:00,2min 57s,fav0,2284,True,5902336,6336512,8179712,524288,524288,PD0089
2026-10-07T07:49:57.577+02:00,2min 58s,fav0,2284,True,5902336,6336512,8179712,524288,524288,PD0089
2026-10-07T07:49:58.577+02:00,2min 59s,fav0,2284,True,5902336,6336512,8179712,524288,524288,PD0089
2026-10-07T07:49:59.577+02:00,3min 0s,fav0,2284,True,5902336,6336512,8179712,524288,524288,PD0089
2026-10-07T07:50:00.577+02:00,3min 1s,fav0,2284,True,5902336,6336512,8179712,524288,524288,PD0089
2026-10-07T07:50:01.577+02:00,3min 2s,fav0,2284,True,5902336,6336512,8179712,524288,524288,PD0089
2026-10-07T07:50:02.577+02:00,3min 3s,fav0,2284,True,5902336,6336512,8179712,524288,524288,PD0089
2026-10-07T07:50:03.578+02:00,3min 4s,fav0,2284,True,5902336,6336512,8179712,524288,524288,PD0089
2026-10-07T07:50:04.578+02:00,3min 5s,fav0,2284,True,5902336,6336512,8179712,524288,524288,PD0089
2026-10-07T07:50:05.578+02:00,3min 6s,fav0,2284,True,5902336,6336512,8179712,524288,524288,PD0089
2026-10-07T07:50:06.578+02:00,3min 7s,fav0,2284,True,5902336,6336512,8179712,524288,524288,PD0089
2026-10-07T07:50:07.578+02:00,3min 8s,fav0,2284,True,5902336,6336512,8179712,524288,524288,PD0089
2026-10-07T07:50:08.579+02:00,3min 9s,fav0,2284,True,5902336,6336512,8179712,524288,524288,PD0089
2026-10-07T07:50:09.579+02:00,3min 10s,fav0,2284,True,5902336,6336512,8179712,524288,524288,PD0089
2026-10-07T07:50:10.579+02:00,3min 11s,fav0,2284,True,5902336,6336512,8179712,524288,524288,PD0089
2026-10-07T07:50:11.579+02:00,3min 12s,fav0,2284,True,5902336,6336512,8179712,524288,524288,PD0089
2026-10-07T07:50:12.579+02:00,3min 13s,fav0,2284,True,5902336,6336512,8179712,524288,524288,PD0089
2026-10-07T07:50:13.579+02:00,3min 14s,fav0,2284,True,5902336,6336512,8179712,524288,524288,PD0089
2026-10-07T07:50:14.579+02:00,3min 15s,fav0,2284,True,5902336,6336512,8179712,524288,524288,PD0089
2026-10-07T07:50:15.580+02:00,3min 16s,fav0,2284,True,5902336,6336512,8179712,524288,524288,PD0089
2026-10-07T07:50:16.580+02:00,3min 17s,fav0,2284,True,5902336,6336512,8179712,524288,524288,PD0089
2026-10-07T07:50:17.580+02:00,3min 18s,fav0,2284,True,5902336,6336512,8179712,524288,524288,PD0089
2026-10-07T07:50:18.580+02:00,3min 19s,fav0,2284,True,5902336,6336512,8179712,524288,524288,PD0089
2026-10-07T07:50:19.580+02:00,3min 20s,fav0,2284,True,5902336,6336512,8179712,524288,524288,PD0089
2026-10-07T07:50:20.581+02:00,3min 21s,fav0,2284,True,5902336,6336512,8179712,524288,524288,PD0089
2026-10-07T07:50:21.581+02:00,3min 22s,fav0,2284,True,5902336,6336512,8179712,524288,524288,PD0089
2026-10-07T07:50:22.581+02:00,3min 23s,fav0,2284,True,5902336,6336512,8179712,524288,524288,PD0089
2026-10-07T07:50:23.581+02:00,3min 24s,fav0,2284,True,5902336,6336512,8179712,524288,524288,PD0089
2026-10-07T07:50:24.581+02:00,3min 25s,fav0,2284,True,5902336,6336512,8179712,524288,524288,PD0089
2026-10-07T07:50:25.581+02:00,3min 26s,fav0,2284,True,5902336,6336512,8179712,524288,524288,PD0089
2026-10-07T07:50:26.582+02:00,3min 27s,fav0,2284,True,5902336,6336512,8179712,524288,524288,PD0089
2026-10-07T07:50:27.582+02:00,3min 28s,fav0,2284,True,5902336,6336512,8179712,524288,524288,PD0089
2026-10-07T07:50:28.582+02:00,3min 29s,fav0,2284,True,5902336,6336512,8179712,524288,524288,PD0089
2026-10-07T07:50:29.582+02:00,3min 30s,fav0,2284,True,5902336,6336512,8179712,524288,524288,PD0089
2026-10-07T07:50:30.582+02:00,3min 31s,fav0,2284,True,5902336,6336512,8179712,524288,524288,PD0089
2026-10-07T07:50:31.582+02:00,3min 32s,fav0,2284,True,5902336,6336512,8179712,524288,524288,PD0089
2026-10-07T07:50:32.583+02:00,3min 33s,fav0,2284,True,5902336,6336512,8179712,524288,524288,PD0089
2026-10-07T07:50:33.583+02:00,3min 34s,fav0,2284,True,5902336,6336512,8179712,524288,524288,PD0089
2026-10-07T07:50:34.583+02:00,3min 35s,fav0,2284,True,5902336,6336512,8179712,524288,524288,PD0089
2026-10-07T07:50:35.583+02:00,3min 36s,fav0,2284,True,5902336,6336512,8179712,524288,524288,PD0089
2026-10-07T07:50:36.583+02:00,3min 37s,fav0,2284,True,5902336,6336512,8179712,524288,524288,PD0089
2026-10-07T07:50:37.583+02:00,3min 38s,fav0,2284,True,5902336,6336512,8179712,524288,524288,PD0089
2026-10-07T07:50:38.584+02:00,3min 39s,fav0,2284,True,5902336,6336512,8179712,524288,524288,PD0089
2026-10-07T07:50:39.584+02:00,3min 40s,fav0,2284,True,5902336,6336512,8179712,524288,524288,PD0089
2026-10-07T07:50:40.584+02:00,3min 41s,fav0,2284,True,5902336,6336512,8179712,524288,524288,PD0089
2026-10-07T07:50:41.584+02:00,3min 42s,fav0,2284,True,5902336,6336512,8179712,524288,524288,PD0089
2026-10-07T07:50:42.584+02:00,3min 43s,fav0,2284,True,5902336,6336512,8179712,524288,524288,PD0089
2026-10-07T07:50:43.585+02:00,3min 44s,fav0,2284,True,5902336,6336512,8179712,524288,524288,PD0089
2026-10-07T07:50:44.585+02:00,3min 45s,fav0,2284,True,5902336,6336512,8179712,524288,524288,PD0089
2026-10-07T07:50:45.585+02:00,3min 46s,fav0,2284,True,5902336,6336512,8179712,524288,524288,PD0089
2026-10-07T07:50:46.585+02:00,3min 47s,fav0,2284,True,5902336,6336512,8179712,524288,524288,PD0089
2026-10-07T07:50:47.585+02:00,3min 48s,fav0,2284,True,5902336,6336512,8179712,524288,524288,PD0089
2026-10-07T07:50:48.586+02:00,3min 49s,fav0,2284,True,5902336,6336512,8179712,524288,524288,PD0089
2026-10-07T07:50:49.586+02:00,3min 50s,fav0,2284,True,5902336,6336512,8179712,524288,524288,PD0089
2026-10-07T07:50:50.586+02:00,3min 51s,fav0,2284,True,5902336,6336512,8179712,524288,524288,PD0089
2026-10-07T07:50:51.586+02:00,3min 52s,fav0,2284,True,5902336,6336512,8179712,524288,524288,PD0089
2026-10-07T07:50:52.586+02:00,3min 53s,fav0,2284,True,5902336,6336512,8179712,524288,524288,PD0089
2026-10-07T07:50:53.586+02:00,3min 54s,fav0,2284,True,5902336,6336512,8179712,524288,524288,PD0089
2026-10-07T07:50:54.586+02:00,3min 55s,fav0,2284,True,5902336,6336512,8179712,524288,524288,PD0089
2026-10-07T07:50:55.587+02:00,3min 56s,fav0,2284,True,5902336,6336512,8179712,524288,524288,PD0089
2026-10-07T07:50:56.587+02:00,3min 57s,fav0,2284,True,5902336,6336512,8179712,524288,524288,PD0089
2026-10-07T07:50:57.587+02:00,3min 58s,fav0,2284,True,5902336,6336512,8179712,524288,524288,PD0089
2026-10-07T07:50:58.587+02:00,3min 59s,fav0,2284,True,5902336,6336512,8179712,524288,524288,PD0089
2026-10-07T07:50:59.588+02:00,4min 0s,fav0,2284,True,5902336,6336512,8179712,524288,524288,PD0089
2026-10-07T07:51:00.588+02:00,4min 1s,fav0,2284,True,5902336,6336512,8179712,524288,524288,PD0089
2026-10-07T07:51:01.588+02:00,4min 2s,fav0,2284,True,5902336,6336512,8179712,524288,524288,PD0089
2026-10-07T07:51:02.588+02:00,4min 3s,fav0,2284,True,5902336,6336512,8179712,524288,524288,PD0089
2026-10-07T07:51:03.588+02:00,4min 4s,fav0,2284,True,5902336,6336512,8179712,524288,524288,PD0089
2026-10-07T07:51:04.588+02:00,4min 5s,fav0,2284,True,5902336,6336512,8179712,524288,524288,PD0089
2026-10-07T07:51:05.589+02:00,4min 6s,fav0,2284,True,5902336,6336512,8179712,524288,524288,PD0089
2026-10-07T07:51:06.589+02:00,4min 7s,fav0,2284,True,5902336,6336512,8179712,524288,524288,PD0089
2026-10-07T07:51:07.589+02:00,4min 8s,fav0,2284,True,5902336,6336512,8179712,524288,524288,PD0089
2026-10-07T07:51:08.589+02:00,4min 9s,fav0,2284,True,5902336,6336512,8179712,524288,524288,PD0089
2026-10-07T07:51:09.589+02:00,4min 10s,fav0,2284,True,5902336,6336512,8179712,524288,524288,PD0089
2026-10-07T07:51:10.589+02:00,4min 11s,fav0,2284,True,5902336,6336512,8179712,524288,524288,PD0089
2026-10-07T07:51:11.589+02:00,4min 12s,fav0,2284,True,5902336,6336512,8179712,524288,524288,PD0089
2026-10-07T07:51:12.590+02:00,4min 13s,fav0,2284,True,5902336,6336512,8179712,524288,524288,PD0089
2026-10-07T07:51:13.590+02:00,4min 14s,fav0,2284,True,5902336,6336512,8179712,524288,524288,PD0089
2026-10-07T07:51:14.590+02:00,4min 15s,fav0,2284,True,5902336,6336512,8179712,524288,524288,PD0089
2026-10-07T07:51:15.590+02:00,4min 16s,fav0,2284,True,5902336,6336512,8179712,524288,524288,PD0089
2026-10-07T07:51:16.590+02:00,4min 17s,fav0,2284,True,5902336,6336512,8179712,524288,524288,PD0089
2026-10-07T07:51:17.590+02:00,4min 18s,fav0,2284,True,5902336,6336512,8179712,524288,524288,PD0089
2026-10-07T07:51:18.590+02:00,4min 19s,fav0,2284,True,5902336,6336512,8179712,524288,524288,PD0089
2026-10-07T07:51:19.591+02:00,4min 20s,fav0,2284,True,5902336,6336512,8179712,524288,524288,PD0089
2026-10-07T07:51:20.591+02:00,4min 21s,fav0,2284,True,5902336,6336512,8179712,524288,524288,PD0089
2026-10-07T07:51:21.591+02:00,4min 22s,fav0,2284,True,5902336,6336512,8179712,524288,524288,PD0089
2026-10-07T07:51:22.591+02:00,4min 23s,fav0,2284,True,5902336,6336512,8179712,524288,524288,PD0089
2026-10-07T07:51:23.591+02:00,4min 24s,fav0,2284,True,5902336,6336512,8179712,524288,524288,PD0089
2026-10-07T07:51:24.591+02:00,4min 25s,fav0,2284,True,5902336,6336512,8179712,524288,524288,PD0089
2026-10-07T07:51:25.591+02:00,4min 26s,fav0,2284,True,5902336,6336512,8179712,524288,524288,PD0089
2026-10-07T07:51:26.592+02:00,4min 27s,fav0,2284,True,5902336,6336512,8179712,524288,524288,PD0089
2026-10-07T07:51:32.510+02:00,4min 33s,fav0,2284,True,5902336,6336512,8179712,524288,524288,PD0089
2026-10-07T07:51:33.510+02:00,4min 34s,fav0,2284,True,5902336,6336512,8179712,524288,524288,PD0089
2026-10-07T07:51:34.511+02:00,4min 35s,fav0,2284,True,5902336,6336512,8179712,524288,524288,PD0089
2026-10-07T07:51:35.511+02:00,4min 36s,fav0,2284,True,5902336,6336512,8179712,524288,524288,PD0089
2026-10-07T07:51:36.511+02:00,4min 37s,fav0,2284,True,5902336,6336512,8179712,524288,524288,PD0089
2026-10-07T07:51:37.511+02:00,4min 38s,fav0,2284,True,5902336,6336512,8179712,524288,524288,PD0089
2026-10-07T07:51:38.511+02:00,4min 39s,fav0,2284,True,5902336,6336512,8179712,524288,524288,PD0089
2026-10-07T07:51:39.511+02:00,4min 40s,fav0,2284,True,5902336,6336512,8179712,524288,524288,PD0089
2026-10-07T07:51:40.511+02:00,4min 41s,fav0,2284,True,5902336,6336512,8179712,524288,524288,PD0089
2026-10-07T07:51:41.512+02:00,4min 42s,fav0,2284,True,5902336,6336512,8179712,524288,524288,PD0089
2026-10-07T07:51:42.512+02:00,4min 43s,fav0,2284,True,5902336,6336512,8179712,524288,524288,PD0089
2026-10-07T07:51:43.512+02:00,4min 44s,fav0,2284,True,5902336,6336512,8179712,524288,524288,PD0089
2026-10-07T07:51:44.512+02:00,4min 45s,fav0,2284,True,5902336,6336512,8179712,524288,524288,PD0089
2026-10-07T07:51:45.513+02:00,4min 46s,fav0,2284,True,5902336,6336512,8179712,524288,524288,PD0089
2026-10-07T07:51:46.513+02:00,4min 47s,fav0,2284,True,5902336,6336512,8179712,524288,524288,PD0089
2026-10-07T07:51:47.513+02:00,4min 48s,fav0,2284,True,5902336,6336512,8179712,524288,524288,PD0089
2026-10-07T07:51:48.513+02:00,4min 49s,fav0,2284,True,5902336,6336512,8179712,524288,524288,PD0089
2026-10-07T07:51:49.513+02:00,4min 50s,fav0,2284,True,5902336,6336512,8179712,524288,524288,PD0089
2026-10-07T07:51:50.513+02:00,3s,,243,True,0,0,872448,0,0,PD0089
2026-10-07T07:51:53.690+02:00,3s,,255,True,0,0,917504,0,0,PD0089
2026-10-07T07:51:54.690+02:00,4s,,538,True,0,0,2076672,0,0,PD0089
2026-10-07T07:51:55.690+02:00,5s,,780,True,0,0,3067904,0,0,PD0089
2026-10-07T07:51:56.690+02:00,6s,,1047,True,0,0,4161536,0,0,PD0089
2026-10-07T07:51:57.690+02:00,7s,,1307,True,0,0,5230592,0,0,PD0089
2026-10-07T07:51:58.690+02:00,8s,,1559,True,0,0,6258688,0,0,PD0089
2026-10-07T07:51:59.691+02:00,9s,,1822,True,0,0,7335936,0,0,PD0089
2026-10-07T07:52:00.691+02:00,10s,,2044,True,0,0,8245248,0,0,PD0089
2026-10-07T07:52:01.691+02:00,11s,,2044,True,0,0,8245248,0,0,PD0089
2026-10-07T07:52:02.691+02:00,12s,,2172,True,0,0,8245248,0,524288,PD0089
2026-10-07T07:52:03.691+02:00,13s,,2172,True,0,0,8245248,0,524288,PD0089
2026-10-07T07:52:04.691+02:00,14s,,2172,True,0,0,8245248,0,524288,PD0089
2026-10-07T07:52:05.691+02:00,15s,fav1,2280,True,180224,180224,8245248,446464,524288,PD0089
2026-10-07T07:52:06.692+02:00,16s,fav1,2300,True,258048,258048,8245248,524288,524288,PD0089
2026-10-07T07:52:07.692+02:00,17s,fav1,2300,True,258048,258048,8245248,524288,524288,PD0089
2026-10-07T07:52:08.692+02:00,18s,fav1,2300,True,258048,258048,8245248,524288,524288,PD0089
2026-10-07T07:52:09.692+02:00,19s,fav1,2300,True,258048,258048,8245248,524288,524288,PD0089
2026-10-07T07:52:10.692+02:00,20s,fav1,2300,True,258048,258048,8245248,524288,524288,PD0089
2026-10-07T07:52:11.692+02:00,21s,fav1,2300,True,258048,258048,8245248,524288,524288,PD0089
2026-10-07T07:52:12.692+02:00,22s,fav1,2300,True,258048,258048,8245248,524288,524288,PD0089
2026-10-07T07:52:13.693+02:00,23s,fav1,2300,True,258048,258048,8245248,524288,524288,PD0089
2026-10-07T07:52:14.693+02:00,24s,fav1,2300,True,258048,258048,8245248,524288,524288,PD0089
2026-10-07T07:52:15.693+02:00,25s,fav1,2300,True,258048,258048,8245248,524288,524288,PD0089
2026-10-07T07:52:16.693+02:00,26s,fav1,2300,True,258048,258048,8245248,524288,524288,PD0089
2026-10-07T07:52:17.693+02:00,27s,fav1,2300,True,258048,258048,8245248,524288,524288,PD0089
2026-10-07T07:52:18.693+02:00,28s,fav1,2300,True,258048,258048,8245248,524288,524288,PD0089
2026-10-07T07:52:19.693+02:00,29s,fav1,2300,True,258048,258048,8245248,524288,524288,PD0089
2026-10-07T07:52:20.694+02:00,30s,fav1,2300,True,258048,258048,8245248,524288,524288,PD0089
2026-10-07T07:52:21.694+02:00,31s,fav1,2300,True,258048,258048,8245248,524288,524288,PD0089
2026-10-07T07:52:22.694+02:00,32s,fav1,2300,True,258048,258048,8245248,524288,524288,PD0089
2026-10-07T07:52:23.694+02:00,33s,fav1,2300,True,258048,258048,8245248,524288,524288,PD0089
2026-10-07T07:52:24.694+02:00,34s,fav1,2300,True,258048,258048,8245248,524288,524288,PD0089
2026-10-07T07:52:25.694+02:00,35s,fav1,2300,True,258048,258048,8245248,524288,524288,PD0089
2026-10-07T07:52:26.694+02:00,36s,fav1,2300,True,258048,258048,8245248,524288,524288,PD0089
2026-10-07T07:52:27.694+02:00,37s,fav1,2300,True,258048,258048,8245248,524288,524288,PD0089
2026-10-07T07:52:28.695+02:00,38s,fav1,2300,True,258048,258048,8245248,524288,524288,PD0089
2026-10-07T07:52:29.695+02:00,39s,fav1,2300,True,258048,258048,8245248,524288,524288,PD0089
2026-10-07T07:52:30.695+02:00,40s,fav1,2300,True,258048,258048,8245248,524288,524288,PD0089
2026-10-07T07:52:31.695+02:00,41s,fav1,2300,True,258048,258048,8245248,524288,524288,PD0089
2026-10-07T07:52:32.695+02:00,42s,fav1,2300,True,258048,258048,8245248,524288,524288,PD0089
2026-10-07T07:52:33.695+02:00,43s,fav1,2300,True,258048,258048,8245248,524288,524288,PD0089
2026-10-07T07:52:34.696+02:00,44s,fav1,2300,True,258048,258048,8245248,524288,524288,PD0089
2026-10-07T07:52:35.696+02:00,45s,fav1,2300,True,258048,258048,8245248,524288,524288,PD0089
2026-10-07T07:52:36.696+02:00,46s,fav1,2300,True,258048,258048,8245248,524288,524288,PD0089
2026-10-07T07:52:37.696+02:00,47s,fav1,2300,True,258048,258048,8245248,524288,524288,PD0089
2026-10-07T07:52:38.696+02:00,48s,fav1,2300,True,258048,258048,8245248,524288,524288,PD0089
2026-10-07T07:52:39.696+02:00,49s,fav1,2300,True,258048,258048,8245248,524288,524288,PD0089
2026-10-07T07:52:40.697+02:00,50s,fav1,2300,True,258048,258048,8245248,524288,524288,PD0089
2026-10-07T07:52:41.697+02:00,51s,fav1,2300,True,258048,258048,8245248,524288,524288,PD0089
2026-10-07T07:52:42.697+02:00,52s,fav1,2300,True,258048,258048,8245248,524288,524288,PD0089
2026-10-07T07:52:43.697+02:00,53s,fav1,2300,True,258048,258048,8245248,524288,524288,PD0089
2026-10-07T07:52:44.698+02:00,54s,fav1,2300,True,258048,258048,8245248,524288,524288,PD0089
2026-10-07T07:52:45.698+02:00,55s,fav1,2300,True,258048,258048,8245248,524288,524288,PD0089
2026-10-07T07:52:46.698+02:00,56s,fav1,2300,True,258048,258048,8245248,524288,524288,PD0089
2026-10-07T07:52:47.698+02:00,57s,fav1,2300,True,258048,258048,8245248,524288,524288,PD0089
2026-10-07T07:52:48.698+02:00,3s,,167,True,0,0,32768,0,524288,PD0089
2026-10-07T07:52:51.841+02:00,3s,,167,True,0,0,32768,0,524288,PD0089
2026-10-07T07:52:52.841+02:00,4s,,167,True,0,0,32768,0,524288,PD0089
2026-10-07T07:52:53.842+02:00,5s,,167,True,0,0,32768,0,524288,PD0089
2026-10-07T07:52:54.842+02:00,6s,,167,True,0,0,32768,0,524288,PD0089
2026-10-07T07:52:55.842+02:00,7s,,167,True,0,0,32768,0,524288,PD0089
2026-10-07T07:52:56.842+02:00,8s,,167,True,0,0,32768,0,524288,PD0089
2026-10-07T07:52:57.842+02:00,9s,fav1,295,True,0,0,32768,524288,524288,PD0089
2026-10-07T07:52:58.842+02:00,10s,fav1,295,True,0,0,32768,524288,524288,PD0089
2026-10-07T07:52:59.842+02:00,11s,fav1,295,True,0,0,32768,524288,524288,PD0089
2026-10-07T07:53:00.843+02:00,12s,fav1,295,True,0,0,32768,524288,524288,PD0089
2026-10-07T07:53:01.843+02:00,13s,fav1,295,True,0,0,32768,524288,524288,PD0089
2026-10-07T07:53:02.843+02:00,14s,fav1,295,True,0,0,32768,524288,524288,PD0089
2026-10-07T07:53:03.843+02:00,15s,fav0,511,True,0,0,917504,524288,524288,PD0089
2026-10-07T07:53:04.843+02:00,16s,fav0,747,True,0,0,1884160,524288,524288,PD0089
2026-10-07T07:53:05.844+02:00,17s,fav0,973,True,274432,462848,2809856,524288,524288,PD0089
2026-10-07T07:53:06.844+02:00,18s,fav0,1175,True,1101824,1290240,3637248,524288,524288,PD0089
2026-10-07T07:53:07.844+02:00,19s,fav0,1372,True,1908736,2097152,4448256,524288,524288,PD0089
2026-10-07T07:53:08.844+02:00,20s,fav0,1566,True,2707456,2895872,5242880,524288,524288,PD0089
2026-10-07T07:53:09.844+02:00,21s,fav0,1760,True,3497984,3686400,6037504,524288,524288,PD0089
2026-10-07T07:53:10.844+02:00,22s,fav0,1948,True,4272128,4460544,6807552,524288,524288,PD0089
2026-10-07T07:53:11.845+02:00,23s,fav0,2141,True,5058560,5246976,7598080,524288,524288,PD0089
2026-10-07T07:53:12.845+02:00,24s,fav0,2284,True,5644288,5832704,8179712,524288,524288,PD0089
2026-10-07T07:53:13.845+02:00,25s,fav0,2284,True,5644288,5832704,8179712,524288,524288,PD0089
2026-10-07T07:53:14.845+02:00,26s,fav0,2284,True,5644288,5832704,8179712,524288,524288,PD0089
2026-10-07T07:53:15.846+02:00,27s,fav0,2284,True,5644288,5832704,8179712,524288,524288,PD0089
2026-10-07T07:53:16.846+02:00,28s,fav0,2284,True,5644288,5832704,8179712,524288,524288,PD0089
2026-10-07T07:53:17.846+02:00,29s,fav0,2284,True,5644288,5832704,8179712,524288,524288,PD0089
2026-10-07T07:53:18.846+02:00,30s,fav0,2284,True,5644288,5832704,8179712,524288,524288,PD0089
2026-10-07T07:53:19.846+02:00,31s,fav0,2284,True,5644288,5832704,8179712,524288,524288,PD0089
2026-10-07T07:53:20.847+02:00,32s,fav0,2284,True,5644288,5832704,8179712,524288,524288,PD0089
2026-10-07T07:53:21.847+02:00,33s,fav0,2284,True,5644288,5832704,8179712,524288,524288,PD0089
2026-10-07T07:53:22.847+02:00,34s,fav0,2284,True,5644288,5832704,8179712,524288,524288,PD0089
2026-10-07T07:53:23.847+02:00,35s,fav0,2284,True,5644288,5832704,8179712,524288,524288,PD0089
2026-10-07T07:53:24.847+02:00,36s,fav0,2284,True,5644288,5832704,8179712,524288,524288,PD0089
2026-10-07T07:53:25.847+02:00,37s,fav0,2284,True,5644288,5832704,8179712,524288,524288,PD0089
2026-10-07T07:53:26.848+02:00,38s,fav0,2284,True,5644288,5832704,8179712,524288,524288,PD0089
2026-10-07T07:53:27.848+02:00,39s,fav0,2284,True,5644288,5832704,8179712,524288,524288,PD0089
2026-10-07T07:53:28.848+02:00,40s,fav0,2284,True,5644288,5832704,8179712,524288,524288,PD0089
2026-10-07T07:53:29.848+02:00,41s,fav0,2284,True,5644288,5832704,8179712,524288,524288,PD0089
2026-10-07T07:53:30.848+02:00,42s,fav0,2284,True,5644288,5832704,8179712,524288,524288,PD0089
2026-10-07T07:53:31.849+02:00,43s,fav0,2284,True,5644288,5832704,8179712,524288,524288,PD0089
2026-10-07T07:53:32.849+02:00,44s,fav0,2284,True,5644288,5832704,8179712,524288,524288,PD0089
2026-10-07T07:53:33.849+02:00,45s,fav0,2284,True,5644288,5832704,8179712,524288,524288,PD0089
2026-10-07T07:53:34.849+02:00,46s,fav0,2284,True,5644288,5832704,8179712,524288,524288,PD0089
2026-10-07T07:53:35.849+02:00,47s,fav0,2284,True,5644288,5832704,8179712,524288,524288,PD0089
2026-10-07T07:53:36.849+02:00,48s,fav0,2284,True,5644288,5832704,8179712,524288,524288,PD0089
2026-10-07T07:53:37.850+02:00,49s,fav0,2284,True,5644288,5832704,8179712,524288,524288,PD0089
2026-10-07T07:53:38.850+02:00,50s,fav0,2284,True,5644288,5832704,8179712,524288,524288,PD0089
2026-10-07T07:53:39.850+02:00,51s,fav0,2284,True,5644288,5832704,8179712,524288,524288,PD0089
2026-10-07T07:53:40.850+02:00,52s,fav0,2284,True,5644288,5832704,8179712,524288,524288,PD0089
2026-10-07T07:53:41.851+02:00,53s,fav0,2284,True,5644288,5832704,8179712,524288,524288,PD0089
2026-10-07T07:53:42.851+02:00,54s,fav0,2284,True,5644288,5832704,8179712,524288,524288,PD0089
2026-10-07T07:53:43.851+02:00,55s,fav0,2284,True,5644288,5832704,8179712,524288,524288,PD0089
2026-10-07T07:53:44.851+02:00,56s,fav0,2284,True,5644288,5832704,8179712,524288,524288,PD0089
2026-10-07T07:53:45.851+02:00,57s,fav0,2284,True,5644288,5832704,8179712,524288,524288,PD0089
2026-10-07T07:53:46.851+02:00,58s,fav0,2284,True,5644288,5832704,8179712,524288,524288,PD0089
2026-10-07T07:53:47.852+02:00,59s,fav0,2284,True,5644288,5832704,8179712,524288,524288,PD0089
2026-10-07T07:53:48.852+02:00,1min 0s,fav0,2284,True,5644288,5832704,8179712,524288,524288,PD0089
2026-10-07T07:53:49.852+02:00,1min 1s,fav0,2284,True,5644288,5832704,8179712,524288,524288,PD0089
2026-10-07T07:53:54.856+02:00,3s,,167,True,0,0,32768,524288,0,PD0089
2026-10-07T07:53:55.856+02:00,4s,,167,True,0,0,32768,524288,0,PD0089
2026-10-07T07:53:56.856+02:00,5s,,167,True,0,0,32768,524288,0,PD0089
2026-10-07T07:53:57.856+02:00,6s,,167,True,0,0,32768,524288,0,PD0089
2026-10-07T07:53:58.857+02:00,7s,,167,True,0,0,32768,524288,0,PD0089
2026-10-07T07:53:59.857+02:00,8s,,188,True,0,0,118784,524288,0,PD0089
2026-10-07T07:54:00.857+02:00,9s,fav0,403,True,393216,397312,999424,524288,0,PD0089
2026-10-07T07:54:01.857+02:00,10s,fav0,597,True,819200,1191936,1794048,524288,0,PD0089
2026-10-07T07:54:02.858+02:00,11s,fav0,799,True,1200128,2019328,2625536,524288,0,PD0089
2026-10-07T07:54:03.858+02:00,12s,fav0,993,True,1265664,2813952,3416064,524288,0,PD0089
2026-10-07T07:54:04.858+02:00,13s,fav0,1190,True,1265664,3624960,4227072,524288,0,PD0089
2026-10-07T07:54:05.858+02:00,14s,fav0,1392,True,1265664,4448256,5050368,524288,0,PD0089
2026-10-07T07:54:06.859+02:00,15s,fav0,1582,True,1265664,5226496,5828608,524288,0,PD0089
2026-10-07T07:54:07.859+02:00,16s,fav0,1782,True,1265664,6045696,6647808,524288,0,PD0089
2026-10-07T07:54:08.859+02:00,17s,fav0,1978,True,1265664,6852608,7454720,524288,0,PD0089
2026-10-07T07:54:09.859+02:00,18s,fav0,2156,True,1265664,7577600,8179712,524288,0,PD0089
2026-10-07T07:54:10.859+02:00,19s,fav0,2156,True,1265664,7577600,8179712,524288,0,PD0089
2026-10-07T07:54:11.859+02:00,20s,fav0,2156,True,1265664,7577600,8179712,524288,0,PD0089
2026-10-07T07:54:12.859+02:00,21s,fav2,2223,True,1265664,7577600,8179712,524288,278528,PD0089
2026-10-07T07:54:13.860+02:00,22s,fav2,2284,True,1265664,7577600,8179712,524288,524288,PD0089
2026-10-07T07:54:14.860+02:00,23s,fav2,2284,True,0,0,8179712,524288,524288,PD0089
2026-10-07T07:54:15.860+02:00,24s,fav2,2284,True,0,0,8179712,524288,524288,PD0089
2026-10-07T07:54:16.860+02:00,25s,fav2,2284,True,0,0,8179712,524288,524288,PD0089
2026-10-07T07:54:17.860+02:00,26s,fav2,2284,True,0,0,8179712,524288,524288,PD0089
2026-10-07T07:54:18.860+02:00,27s,fav2,2284,True,0,0,8179712,524288,524288,PD0089
2026-10-07T07:54:19.861+02:00,28s,fav2,2284,True,0,0,8179712,524288,524288,PD0089
2026-10-07T07:54:20.861+02:00,29s,fav2,2284,True,0,0,8179712,524288,524288,PD0089
2026-10-07T07:54:21.861+02:00,30s,fav2,2284,True,0,0,8179712,524288,524288,PD0089
2026-10-07T07:54:22.861+02:00,31s,fav2,2284,True,0,0,8179712,524288,524288,PD0089
2026-10-07T07:54:23.861+02:00,32s,fav2,2284,True,0,0,8179712,524288,524288,PD0089
2026-10-07T07:54:24.861+02:00,33s,fav2,2284,True,0,0,8179712,524288,524288,PD0089
2026-10-07T07:54:25.861+02:00,34s,fav2,2284,True,0,0,8179712,524288,524288,PD0089
2026-10-07T07:54:26.862+02:00,35s,fav2,2284,True,0,0,8179712,524288,524288,PD0089
2026-10-07T07:54:27.862+02:00,36s,fav2,2284,True,0,0,8179712,524288,524288,PD0089
2026-10-07T07:54:28.862+02:00,37s,fav2,2284,True,0,0,8179712,524288,524288,PD0089
2026-10-07T07:54:29.862+02:00,38s,fav2,2284,True,0,0,8179712,524288,524288,PD0089
2026-10-07T07:54:30.862+02:00,39s,fav2,2284,True,0,0,8179712,524288,524288,PD0089
2026-10-07T07:54:31.863+02:00,40s,fav2,2284,True,0,0,8179712,524288,524288,PD0089
2026-10-07T07:54:32.863+02:00,41s,fav2,2284,True,0,0,8179712,524288,524288,PD0089
2026-10-07T07:54:33.863+02:00,42s,fav2,2284,True,0,0,8179712,524288,524288,PD0089
2026-10-07T07:54:34.863+02:00,43s,fav2,2284,True,0,0,8179712,524288,524288,PD0089
2026-10-07T07:54:35.863+02:00,44s,fav2,2284,True,0,0,8179712,524288,524288,PD0089
2026-10-07T07:54:36.863+02:00,45s,fav2,2284,True,0,0,8179712,524288,524288,PD0089
2026-10-07T07:54:37.864+02:00,46s,fav2,2284,True,0,0,8179712,524288,524288,PD0089
2026-10-07T07:54:38.864+02:00,47s,fav2,2284,True,0,0,8179712,524288,524288,PD0089
2026-10-07T07:54:39.864+02:00,48s,fav2,2284,True,0,0,8179712,524288,524288,PD0089
2026-10-07T07:54:40.864+02:00,49s,fav2,2284,True,0,0,8179712,524288,524288,PD0089
2026-10-07T07:54:41.864+02:00,50s,fav2,2284,True,0,0,8179712,524288,524288,PD0089
2026-10-07T07:54:42.864+02:00,51s,fav2,2284,True,0,0,8179712,524288,524288,PD0089
2026-10-07T07:54:43.864+02:00,52s,fav2,2284,True,0,0,8179712,524288,524288,PD0089
2026-10-07T07:54:44.865+02:00,53s,fav2,2284,True,0,0,8179712,524288,524288,PD0089
2026-10-07T07:54:45.865+02:00,54s,fav2,2284,True,0,0,8179712,524288,524288,PD0089
2026-10-07T07:54:46.865+02:00,55s,fav2,2284,True,0,0,8179712,524288,524288,PD0089
2026-10-07T07:54:47.865+02:00,56s,fav2,2284,True,0,0,8179712,524288,524288,PD0089
2026-10-07T07:54:48.865+02:00,57s,fav2,2284,True,0,0,8179712,524288,524288,PD0089
2026-10-07T07:54:49.866+02:00,58s,fav2,2284,True,0,0,8179712,524288,524288,PD0089
2026-10-07T07:54:50.866+02:00,59s,fav2,2284,True,0,0,8179712,524288,524288,PD0089
2026-10-07T07:54:51.866+02:00,1min 0s,fav2,2284,True,0,0,8179712,524288,524288,PD0089
2026-10-07T07:54:52.866+02:00,1min 1s,fav2,2284,True,0,0,8179712,524288,524288,PD0089
2026-10-07T07:54:53.866+02:00,1min 2s,fav2,2284,True,0,0,8179712,524288,524288,PD0089
2026-10-07T07:54:54.866+02:00,1min 3s,fav2,2284,True,0,0,8179712,524288,524288,PD0089
2026-10-07T07:54:55.867+02:00,1min 4s,fav2,2284,True,0,0,8179712,524288,524288,PD0089
2026-10-07T07:54:56.867+02:00,1min 5s,fav2,2284,True,0,0,8179712,524288,524288,PD0089
2026-10-07T07:54:57.867+02:00,1min 6s,fav2,2284,True,0,0,8179712,524288,524288,PD0089
2026-10-07T07:54:58.867+02:00,1min 7s,fav2,2284,True,0,0,8179712,524288,524288,PD0089
2026-10-07T07:54:59.867+02:00,1min 8s,fav2,2284,True,0,0,8179712,524288,524288,PD0089
2026-10-07T07:55:00.867+02:00,1min 9s,fav2,2284,True,0,0,8179712,524288,524288,PD0089
2026-10-07T07:55:01.867+02:00,1min 10s,fav2,2284,True,0,0,8179712,524288,524288,PD0089
2026-10-07T07:55:02.868+02:00,1min 11s,fav2,2284,True,0,0,8179712,524288,524288,PD0089
2026-10-07T07:55:03.868+02:00,1min 12s,fav2,2284,True,0,0,8179712,524288,524288,PD0089
2026-10-07T07:55:04.868+02:00,1min 13s,fav2,2284,True,0,0,8179712,524288,524288,PD0089
2026-10-07T07:55:05.868+02:00,1min 14s,fav2,2284,True,0,0,8179712,524288,524288,PD0089
2026-10-07T07:55:06.868+02:00,1min 15s,fav2,2284,True,0,0,8179712,524288,524288,PD0089
2026-10-07T07:55:07.868+02:00,1min 16s,fav2,2284,True,0,0,8179712,524288,524288,PD0089
2026-10-07T07:55:08.869+02:00,1min 17s,fav2,2284,True,0,0,8179712,524288,524288,PD0089
2026-10-07T07:55:09.869+02:00,2s,,202,True,0,0,704512,0,0,PD0089
2026-10-07T07:55:13.017+02:00,2s,,213,True,0,0,745472,0,0,PD0089
2026-10-07T07:55:14.017+02:00,3s,,486,True,0,0,1867776,0,0,PD0089
2026-10-07T07:55:15.017+02:00,6s,,1186,True,0,0,4730880,0,0,PD0089
2026-10-07T07:55:16.793+02:00,6s,,1229,True,0,0,4911104,0,0,PD0089
2026-10-07T07:55:17.793+02:00,7s,,1489,True,0,0,5976064,0,0,PD0089
2026-10-07T07:55:18.793+02:00,8s,,1747,True,0,0,7028736,0,0,PD0089
2026-10-07T07:55:19.793+02:00,9s,,2001,True,0,0,8069120,0,0,PD0089
2026-10-07T07:55:20.793+02:00,10s,,2064,True,0,0,8327168,0,0,PD0089
2026-10-07T07:55:21.794+02:00,11s,,2064,True,0,0,8327168,0,0,PD0089
2026-10-07T07:55:22.794+02:00,12s,,2064,True,0,0,8327168,0,0,PD0089
2026-10-07T07:55:23.794+02:00,13s,fav2,2092,True,57344,57344,8327168,0,118784,PD0089
2026-10-07T07:55:24.794+02:00,14s,fav2,2192,True,462848,462848,8327168,0,524288,PD0089
2026-10-07T07:55:25.794+02:00,15s,fav2,2192,True,462848,462848,8327168,0,524288,PD0089
2026-10-07T07:55:26.794+02:00,16s,fav2,2192,True,462848,462848,8327168,0,524288,PD0089
2026-10-07T07:55:27.795+02:00,17s,fav2,2229,True,462848,462848,8327168,155648,524288,PD0089
2026-10-07T07:55:28.795+02:00,18s,fav2,2320,True,462848,462848,8327168,524288,524288,PD0089
2026-10-07T07:55:29.795+02:00,19s,fav2,2320,True,462848,462848,8327168,524288,524288,PD0089
2026-10-07T07:55:30.795+02:00,20s,fav2,2320,True,462848,462848,8327168,524288,524288,PD0089
2026-10-07T07:55:31.796+02:00,21s,fav2,2320,True,462848,462848,8327168,524288,524288,PD0089
2026-10-07T07:55:32.796+02:00,22s,fav2,2320,True,462848,462848,8327168,524288,524288,PD0089
2026-10-07T07:55:33.796+02:00,23s,fav2,2320,True,462848,462848,8327168,524288,524288,PD0089
2026-10-07T07:55:34.796+02:00,24s,fav2,2320,True,462848,462848,8327168,524288,524288,PD0089
2026-10-07T07:55:35.796+02:00,25s,fav2,2320,True,462848,462848,8327168,524288,524288,PD0089
2026-10-07T07:55:36.796+02:00,26s,fav2,2320,True,462848,462848,8327168,524288,524288,PD0089
2026-10-07T07:55:37.797+02:00,27s,fav2,2320,True,462848,462848,8327168,524288,524288,PD0089
2026-10-07T07:55:38.797+02:00,28s,fav2,2320,True,462848,462848,8327168,524288,524288,PD0089
2026-10-07T07:55:39.797+02:00,29s,fav2,2320,True,462848,462848,8327168,524288,524288,PD0089
2026-10-07T07:55:40.798+02:00,30s,fav2,2320,True,462848,462848,8327168,524288,524288,PD0089
2026-10-07T07:55:41.798+02:00,31s,fav2,2320,True,462848,462848,8327168,524288,524288,PD0089
2026-10-07T07:55:42.798+02:00,32s,fav2,2320,True,462848,462848,8327168,524288,524288,PD0089
2026-10-07T07:55:43.798+02:00,33s,fav2,2320,True,462848,462848,8327168,524288,524288,PD0089
2026-10-07T07:55:44.799+02:00,34s,fav2,2320,True,462848,462848,8327168,524288,524288,PD0089
2026-10-07T07:55:45.799+02:00,35s,fav2,2320,True,462848,462848,8327168,524288,524288,PD0089
2026-10-07T07:55:46.799+02:00,36s,fav2,2320,True,462848,462848,8327168,524288,524288,PD0089
2026-10-07T07:55:47.799+02:00,37s,fav2,2320,True,462848,462848,8327168,524288,524288,PD0089
2026-10-07T07:55:48.799+02:00,38s,fav2,2320,True,462848,462848,8327168,524288,524288,PD0089
2026-10-07T07:55:49.799+02:00,39s,fav2,2320,True,462848,462848,8327168,524288,524288,PD0089
2026-10-07T07:55:50.799+02:00,40s,fav2,2320,True,462848,462848,8327168,524288,524288,PD0089
2026-10-07T07:55:51.800+02:00,41s,fav2,2320,True,462848,462848,8327168,524288,524288,PD0089
2026-10-07T07:55:52.800+02:00,42s,fav2,2320,True,462848,462848,8327168,524288,524288,PD0089
2026-10-07T07:55:53.800+02:00,43s,fav2,2320,True,462848,462848,8327168,524288,524288,PD0089
2026-10-07T07:55:54.800+02:00,44s,fav2,2320,True,462848,462848,8327168,524288,524288,PD0089
2026-10-07T07:55:55.801+02:00,45s,fav2,2320,True,462848,462848,8327168,524288,524288,PD0089
2026-10-07T07:55:56.801+02:00,46s,fav2,2320,True,462848,462848,8327168,524288,524288,PD0089
2026-10-07T07:55:57.801+02:00,47s,fav2,2320,True,462848,462848,8327168,524288,524288,PD0089
2026-10-07T07:55:58.801+02:00,48s,fav2,2320,True,462848,462848,8327168,524288,524288,PD0089
2026-10-07T07:55:59.801+02:00,49s,fav2,2320,True,462848,462848,8327168,524288,524288,PD0089
2026-10-07T07:56:00.802+02:00,50s,fav2,2320,True,462848,462848,8327168,524288,524288,PD0089
2026-10-07T07:56:01.802+02:00,51s,fav2,2320,True,462848,462848,8327168,524288,524288,PD0089
2026-10-07T07:56:02.802+02:00,52s,fav2,2320,True,462848,462848,8327168,524288,524288,PD0089
2026-10-07T07:56:03.802+02:00,53s,fav2,2320,True,462848,462848,8327168,524288,524288,PD0089
2026-10-07T07:56:04.802+02:00,54s,fav2,2320,True,462848,462848,8327168,524288,524288,PD0089
2026-10-07T07:56:05.802+02:00,55s,fav2,2320,True,462848,462848,8327168,524288,524288,PD0089
2026-10-07T07:56:06.802+02:00,56s,fav2,2320,True,462848,462848,8327168,524288,524288,PD0089
2026-10-07T07:56:07.803+02:00,57s,fav2,2320,True,462848,462848,8327168,524288,524288,PD0089
2026-10-07T07:56:08.803+02:00,58s,fav2,2320,True,462848,462848,8327168,524288,524288,PD0089
2026-10-07T07:56:09.803+02:00,59s,fav2,2320,True,462848,462848,8327168,524288,524288,PD0089
2026-10-07T07:56:10.804+02:00,1min 0s,fav2,2320,True,462848,462848,8327168,524288,524288,PD0089
2026-10-07T07:56:11.804+02:00,1min 1s,fav2,2320,True,462848,462848,8327168,524288,524288,PD0089
2026-10-07T07:56:12.804+02:00,1min 2s,fav2,2320,True,462848,462848,8327168,524288,524288,PD0089
2026-10-07T07:56:13.804+02:00,1min 3s,fav2,2320,True,462848,462848,8327168,524288,524288,PD0089
2026-10-07T07:56:14.804+02:00,1min 4s,fav2,2320,True,462848,462848,8327168,524288,524288,PD0089
2026-10-07T07:56:15.805+02:00,1min 5s,fav2,2320,True,462848,462848,8327168,524288,524288,PD0089
2026-10-07T07:56:16.805+02:00,1min 6s,fav2,2320,True,462848,462848,8327168,524288,524288,PD0089
2026-10-07T07:56:17.805+02:00,1min 7s,fav2,2320,True,462848,462848,8327168,524288,524288,PD0089
2026-10-07T07:56:18.805+02:00,1min 8s,fav2,2320,True,462848,462848,8327168,524288,524288,PD0089
2026-10-07T07:56:19.805+02:00,1min 9s,fav2,2320,True,462848,462848,8327168,524288,524288,PD0089
2026-10-07T07:56:20.805+02:00,1min 10s,fav2,2320,True,462848,462848,8327168,524288,524288,PD0089
2026-10-07T07:56:21.805+02:00,1min 11s,fav2,2320,True,462848,462848,8327168,524288,524288,PD0089
2026-10-07T07:56:22.806+02:00,1min 12s,fav2,2320,True,462848,462848,8327168,524288,524288,PD0089
2026-10-07T07:56:23.806+02:00,1min 13s,fav2,2320,True,462848,462848,8327168,524288,524288,PD0089
2026-10-07T07:56:24.806+02:00,1min 14s,fav2,2320,True,462848,462848,8327168,524288,524288,PD0089
2026-10-07T07:56:25.806+02:00,1min 15s,fav2,2320,True,462848,462848,8327168,524288,524288,PD0089
2026-10-07T07:56:26.806+02:00,1min 16s,fav2,2320,True,462848,462848,8327168,524288,524288,PD0089
2026-10-07T07:56:27.806+02:00,1min 17s,fav2,2320,True,462848,462848,8327168,524288,524288,PD0089
2026-10-07T07:56:28.807+02:00,1min 18s,fav2,2320,True,462848,462848,8327168,524288,524288,PD0089
2026-10-07T07:56:29.807+02:00,1min 19s,fav2,2320,True,462848,462848,8327168,524288,524288,PD0089
2026-10-07T07:56:30.807+02:00,1min 20s,fav2,2320,True,462848,462848,8327168,524288,524288,PD0089
2026-10-07T07:56:31.807+02:00,1min 21s,fav2,2320,True,462848,462848,8327168,524288,524288,PD0089
2026-10-07T07:56:32.807+02:00,1min 22s,fav2,2320,True,462848,462848,8327168,524288,524288,PD0089
2026-10-07T07:56:33.807+02:00,1min 23s,fav2,2320,True,462848,462848,8327168,524288,524288,PD0089
2026-10-07T07:56:34.807+02:00,1min 24s,fav2,2320,True,462848,462848,8327168,524288,524288,PD0089
2026-10-07T07:56:35.808+02:00,1min 25s,fav2,2320,True,462848,462848,8327168,524288,524288,PD0089
2026-10-07T07:56:36.808+02:00,1min 26s,fav2,2320,True,462848,462848,8327168,524288,524288,PD0089
2026-10-07T07:56:37.808+02:00,1min 27s,fav2,2320,True,462848,462848,8327168,524288,524288,PD0089
2026-10-07T07:56:38.808+02:00,1min 28s,fav2,2320,True,462848,462848,8327168,524288,524288,PD0089
2026-10-07T07:56:39.808+02:00,1min 29s,fav2,2320,True,462848,462848,8327168,524288,524288,PD0089
2026-10-07T07:56:40.808+02:00,1min 30s,fav2,2320,True,462848,462848,8327168,524288,524288,PD0089
2026-10-07T07:56:41.808+02:00,1min 31s,fav2,2320,True,462848,462848,8327168,524288,524288,PD0089
2026-10-07T07:56:42.809+02:00,1min 32s,fav2,2320,True,462848,462848,8327168,524288,524288,PD0089
2026-10-07T07:56:43.809+02:00,1min 33s,fav2,2320,True,462848,462848,8327168,524288,524288,PD0089
2026-10-07T07:56:44.809+02:00,1min 34s,fav2,2320,True,462848,462848,8327168,524288,524288,PD0089
2026-10-07T07:56:45.809+02:00,1min 35s,fav2,2320,True,462848,462848,8327168,524288,524288,PD0089
2026-10-07T07:56:46.809+02:00,1min 36s,fav2,2320,True,462848,462848,8327168,524288,524288,PD0089
2026-10-07T07:56:47.809+02:00,1min 37s,fav2,2320,True,462848,462848,8327168,524288,524288,PD0089
2026-10-07T07:56:48.810+02:00,1min 38s,fav2,2320,True,462848,462848,8327168,524288,524288,PD0089
2026-10-07T07:56:49.810+02:00,1min 39s,fav2,2320,True,462848,462848,8327168,524288,524288,PD0089
2026-10-07T07:56:50.810+02:00,1min 40s,fav2,2320,True,462848,462848,8327168,524288,524288,PD0089
2026-10-07T07:56:51.810+02:00,1min 41s,fav2,2320,True,462848,462848,8327168,524288,524288,PD0089
2026-10-07T07:56:52.810+02:00,1min 42s,fav2,2320,True,462848,462848,8327168,524288,524288,PD0089
2026-10-07T07:56:53.810+02:00,1min 43s,fav2,2320,True,462848,462848,8327168,524288,524288,PD0089
2026-10-07T07:56:54.810+02:00,1min 44s,fav2,2320,True,462848,462848,8327168,524288,524288,PD0089
2026-10-07T07:56:58.923+02:00,2s,,167,True,0,0,32768,0,524288,PD0089
2026-10-07T07:56:59.923+02:00,3s,,167,True,0,0,32768,0,524288,PD0089
2026-10-07T07:57:00.924+02:00,5s,,167,True,0,0,32768,0,524288,PD0089
2026-10-07T07:57:01.924+02:00,5s,,167,True,0,0,32768,0,524288,PD0089
2026-10-07T07:57:02.924+02:00,7s,,167,True,0,0,32768,0,524288,PD0089
2026-10-07T07:57:03.924+02:00,7s,,167,True,0,0,32768,0,524288,PD0089
2026-10-07T07:57:04.924+02:00,8s,fav1,285,True,16384,237568,32768,483328,524288,PD0089
2026-10-07T07:57:05.924+02:00,9s,fav1,295,True,16384,278528,32768,524288,524288,PD0089
2026-10-07T07:57:06.924+02:00,10s,fav1,295,True,16384,278528,32768,524288,524288,PD0089
2026-10-07T07:57:07.925+02:00,11s,fav1,295,True,16384,278528,32768,524288,524288,PD0089
2026-10-07T07:57:08.925+02:00,12s,fav1,295,True,16384,278528,32768,524288,524288,PD0089
2026-10-07T07:57:09.925+02:00,13s,fav1,295,True,16384,278528,32768,524288,524288,PD0089
2026-10-07T07:57:10.925+02:00,14s,fav1,295,True,16384,278528,32768,524288,524288,PD0089
2026-10-07T07:57:11.925+02:00,16s,fav1,306,True,16384,278528,77824,524288,524288,PD0089
2026-10-07T07:57:12.925+02:00,16s,fav0,485,True,16384,278528,815104,524288,524288,PD0089
2026-10-07T07:57:13.925+02:00,17s,fav0,752,True,16384,278528,1908736,524288,524288,PD0089
2026-10-07T07:57:14.926+02:00,18s,fav0,979,True,4096,299008,2838528,524288,524288,PD0089
2026-10-07T07:57:15.926+02:00,19s,fav0,1174,True,69632,1093632,3637248,524288,524288,PD0089
2026-10-07T07:57:16.926+02:00,20s,fav0,1380,True,69632,1941504,4481024,524288,524288,PD0089
2026-10-07T07:57:17.926+02:00,21s,fav0,1578,True,69632,2748416,5287936,524288,524288,PD0089
2026-10-07T07:57:18.926+02:00,22s,fav0,1770,True,69632,3534848,6078464,524288,524288,PD0089
2026-10-07T07:57:19.926+02:00,23s,fav0,1970,True,69632,4354048,6893568,524288,524288,PD0089
2026-10-07T07:57:20.926+02:00,24s,fav0,2173,True,69632,5185536,7725056,524288,524288,PD0089
2026-10-07T07:57:21.926+02:00,25s,fav0,2284,True,69632,5640192,8179712,524288,524288,PD0089
2026-10-07T07:57:22.927+02:00,26s,fav0,2284,True,69632,5640192,8179712,524288,524288,PD0089
2026-10-07T07:57:23.927+02:00,27s,fav0,2284,True,69632,5640192,8179712,524288,524288,PD0089
2026-10-07T07:57:24.927+02:00,28s,fav0,2284,True,69632,5640192,8179712,524288,524288,PD0089
2026-10-07T07:57:25.927+02:00,29s,fav0,2284,True,69632,5640192,8179712,524288,524288,PD0089
2026-10-07T07:57:26.927+02:00,30s,fav0,2284,True,69632,5640192,8179712,524288,524288,PD0089
2026-10-07T07:57:27.928+02:00,31s,fav0,2284,True,69632,5640192,8179712,524288,524288,PD0089
2026-10-07T07:57:28.928+02:00,32s,fav0,2284,True,69632,5640192,8179712,524288,524288,PD0089
2026-10-07T07:57:29.928+02:00,33s,fav0,2284,True,69632,5640192,8179712,524288,524288,PD0089
2026-10-07T07:57:30.928+02:00,34s,fav0,2284,True,69632,5640192,8179712,524288,524288,PD0089
2026-10-07T07:57:31.928+02:00,35s,fav0,2284,True,69632,5640192,8179712,524288,524288,PD0089
2026-10-07T07:57:32.928+02:00,36s,fav0,2284,True,69632,5640192,8179712,524288,524288,PD0089
2026-10-07T07:57:33.929+02:00,37s,fav0,2284,True,69632,5640192,8179712,524288,524288,PD0089
2026-10-07T07:57:34.929+02:00,38s,fav0,2284,True,69632,5640192,8179712,524288,524288,PD0089
2026-10-07T07:57:35.929+02:00,39s,fav0,2284,True,69632,5640192,8179712,524288,524288,PD0089
2026-10-07T07:57:36.929+02:00,40s,fav0,2284,True,69632,5640192,8179712,524288,524288,PD0089
2026-10-07T07:57:37.930+02:00,41s,fav0,2284,True,69632,5640192,8179712,524288,524288,PD0089
2026-10-07T07:57:38.930+02:00,42s,fav0,2284,True,69632,5640192,8179712,524288,524288,PD0089
2026-10-07T07:57:39.930+02:00,43s,fav0,2284,True,69632,5640192,8179712,524288,524288,PD0089
2026-10-07T07:57:40.930+02:00,44s,fav0,2284,True,69632,5640192,8179712,524288,524288,PD0089
2026-10-07T07:57:41.930+02:00,45s,fav0,2284,True,69632,5640192,8179712,524288,524288,PD0089
2026-10-07T07:57:42.930+02:00,46s,fav0,2284,True,69632,5640192,8179712,524288,524288,PD0089
2026-10-07T07:57:43.930+02:00,47s,fav0,2284,True,69632,5640192,8179712,524288,524288,PD0089
2026-10-07T07:57:44.931+02:00,48s,fav0,2284,True,69632,5640192,8179712,524288,524288,PD0089
2026-10-07T07:57:45.931+02:00,49s,fav0,2284,True,69632,5640192,8179712,524288,524288,PD0089
2026-10-07T07:57:46.931+02:00,50s,fav0,2284,True,69632,5640192,8179712,524288,524288,PD0089
2026-10-07T07:57:47.931+02:00,51s,fav0,2284,True,69632,5640192,8179712,524288,524288,PD0089
2026-10-07T07:57:48.931+02:00,52s,fav0,2284,True,69632,5640192,8179712,524288,524288,PD0089
2026-10-07T07:57:49.931+02:00,53s,fav0,2284,True,69632,5640192,8179712,524288,524288,PD0089
2026-10-07T07:57:50.931+02:00,54s,fav0,2284,True,69632,5640192,8179712,524288,524288,PD0089
2026-10-07T07:57:51.932+02:00,55s,fav0,2284,True,69632,5640192,8179712,524288,524288,PD0089
2026-10-07T07:57:52.932+02:00,56s,fav0,2284,True,69632,5640192,8179712,524288,524288,PD0089
2026-10-07T07:57:53.932+02:00,57s,fav0,2284,True,69632,5640192,8179712,524288,524288,PD0089
2026-10-07T07:57:54.932+02:00,58s,fav0,2284,True,69632,5640192,8179712,524288,524288,PD0089
2026-10-07T07:57:55.933+02:00,59s,fav0,2284,True,69632,5640192,8179712,524288,524288,PD0089
2026-10-07T07:57:56.933+02:00,1min 0s,fav0,2284,True,69632,5640192,8179712,524288,524288,PD0089
2026-10-07T07:57:57.933+02:00,1min 1s,fav0,2284,True,69632,5640192,8179712,524288,524288,PD0089
2026-10-07T07:57:58.933+02:00,1min 2s,fav0,2284,True,69632,5640192,8179712,524288,524288,PD0089
2026-10-07T07:57:59.933+02:00,1min 3s,fav0,2284,True,69632,5640192,8179712,524288,524288,PD0089
2026-10-07T07:58:00.933+02:00,1min 4s,fav0,2284,True,69632,5640192,8179712,524288,524288,PD0089
2026-10-07T07:58:01.933+02:00,1min 5s,fav0,2284,True,69632,5640192,8179712,524288,524288,PD0089
2026-10-07T07:58:02.934+02:00,1min 6s,fav0,2284,True,69632,5640192,8179712,524288,524288,PD0089
2026-10-07T07:58:03.934+02:00,1min 7s,fav0,2284,True,69632,5640192,8179712,524288,524288,PD0089
2026-10-07T07:58:04.934+02:00,1min 8s,fav0,2284,True,69632,5640192,8179712,524288,524288,PD0089
2026-10-07T07:58:05.934+02:00,1min 9s,fav0,2284,True,69632,5640192,8179712,524288,524288,PD0089
2026-10-07T07:58:06.934+02:00,1min 10s,fav0,2284,True,69632,5640192,8179712,524288,524288,PD0089
2026-10-07T07:58:07.935+02:00,1min 11s,fav0,2284,True,69632,5640192,8179712,524288,524288,PD0089
2026-10-07T07:58:08.935+02:00,1min 12s,fav0,2284,True,69632,5640192,8179712,524288,524288,PD0089
2026-10-07T07:58:09.935+02:00,1min 13s,fav0,2284,True,69632,5640192,8179712,524288,524288,PD0089
2026-10-07T07:58:10.935+02:00,1min 14s,fav0,2284,True,69632,5640192,8179712,524288,524288,PD0089
2026-10-07T07:58:11.935+02:00,1min 15s,fav0,2284,True,69632,5640192,8179712,524288,524288,PD0089
2026-10-07T07:58:12.935+02:00,1min 16s,fav0,2284,True,69632,5640192,8179712,524288,524288,PD0089
2026-10-07T07:58:13.936+02:00,1min 17s,fav0,2284,True,69632,5640192,8179712,524288,524288,PD0089
2026-10-07T07:58:14.936+02:00,1min 18s,fav0,2284,True,69632,5640192,8179712,524288,524288,PD0089
2026-10-07T07:58:15.936+02:00,1min 19s,fav0,2284,True,69632,5640192,8179712,524288,524288,PD0089
2026-10-07T07:58:16.936+02:00,1min 20s,fav0,2284,True,69632,5640192,8179712,524288,524288,PD0089
2026-10-07T07:58:17.936+02:00,1min 21s,fav0,2284,True,69632,5640192,8179712,524288,524288,PD0089
2026-10-07T07:58:18.936+02:00,1min 22s,fav0,2284,True,69632,5640192,8179712,524288,524288,PD0089
2026-10-07T07:58:19.936+02:00,1min 23s,fav0,2284,True,69632,5640192,8179712,524288,524288,PD0089
2026-10-07T07:58:20.937+02:00,1min 24s,fav0,2284,True,69632,5640192,8179712,524288,524288,PD0089
2026-10-07T07:58:21.937+02:00,1min 25s,fav0,2284,True,69632,5640192,8179712,524288,524288,PD0089
2026-10-07T07:58:22.937+02:00,1min 26s,fav0,2284,True,69632,5640192,8179712,524288,524288,PD0089
2026-10-07T07:58:23.937+02:00,1min 27s,fav0,2284,True,69632,5640192,8179712,524288,524288,PD0089
2026-10-07T07:58:24.938+02:00,1min 28s,fav0,2284,True,69632,5640192,8179712,524288,524288,PD0089
2026-10-07T07:58:25.938+02:00,1min 29s,fav0,2284,True,69632,5640192,8179712,524288,524288,PD0089
2026-10-07T07:58:26.938+02:00,1min 30s,fav0,2284,True,69632,5640192,8179712,524288,524288,PD0089
2026-10-07T07:58:27.938+02:00,1min 31s,fav0,2284,True,69632,5640192,8179712,524288,524288,PD0089
2026-10-07T07:58:28.938+02:00,1min 32s,fav0,2284,True,69632,5640192,8179712,524288,524288,PD0089
2026-10-07T07:58:29.938+02:00,1min 33s,fav0,2284,True,69632,5640192,8179712,524288,524288,PD0089
2026-10-07T07:58:30.938+02:00,1min 34s,fav0,2284,True,69632,5640192,8179712,524288,524288,PD0089
2026-10-07T07:58:31.939+02:00,1min 35s,fav0,2284,True,69632,5640192,8179712,524288,524288,PD0089
2026-10-07T07:58:32.939+02:00,1min 36s,fav0,2284,True,69632,5640192,8179712,524288,524288,PD0089
2026-10-07T07:58:33.939+02:00,1min 37s,fav0,2284,True,69632,5640192,8179712,524288,524288,PD0089
2026-10-07T07:58:34.939+02:00,1min 38s,fav0,2284,True,69632,5640192,8179712,524288,524288,PD0089
2026-10-07T07:58:35.939+02:00,1min 39s,fav0,2284,True,69632,5640192,8179712,524288,524288,PD0089
2026-10-07T07:58:36.939+02:00,1min 40s,fav0,2284,True,69632,5640192,8179712,524288,524288,PD0089
2026-10-07T07:58:37.939+02:00,1min 41s,fav0,2284,True,69632,5640192,8179712,524288,524288,PD0089
2026-10-07T07:58:38.940+02:00,1min 42s,fav0,2284,True,69632,5640192,8179712,524288,524288,PD0089
2026-10-07T07:58:39.940+02:00,1min 43s,fav0,2284,True,69632,5640192,8179712,524288,524288,PD0089
2026-10-07T07:58:40.940+02:00,1min 44s,fav0,2284,True,69632,5640192,8179712,524288,524288,PD0089
2026-10-07T07:58:41.940+02:00,1min 45s,fav0,2284,True,69632,5640192,8179712,524288,524288,PD0089
2026-10-07T07:58:42.940+02:00,1min 46s,fav0,2284,True,69632,5640192,8179712,524288,524288,PD0089
2026-10-07T07:58:43.940+02:00,1min 47s,fav0,2284,True,69632,5640192,8179712,524288,524288,PD0089
2026-10-07T07:58:44.941+02:00,1min 48s,fav0,2284,True,69632,5640192,8179712,524288,524288,PD0089
2026-10-07T07:58:45.941+02:00,1min 49s,fav0,2284,True,69632,5640192,8179712,524288,524288,PD0089
2026-10-07T07:58:46.941+02:00,1min 50s,fav0,2284,True,69632,5640192,8179712,524288,524288,PD0089
2026-10-07T07:58:47.941+02:00,1min 51s,fav0,2284,True,69632,5640192,8179712,524288,524288,PD0089
2026-10-07T07:58:48.941+02:00,1min 52s,fav0,2284,True,69632,5640192,8179712,524288,524288,PD0089
2026-10-07T07:58:49.941+02:00,1min 53s,fav0,2284,True,69632,5640192,8179712,524288,524288,PD0089
2026-10-07T07:58:50.941+02:00,1min 54s,fav0,2284,True,69632,5640192,8179712,524288,524288,PD0089
2026-10-07T07:58:51.942+02:00,1min 55s,fav0,2284,True,69632,5640192,8179712,524288,524288,PD0089
2026-10-07T07:58:52.942+02:00,1min 56s,fav0,2284,True,69632,5640192,8179712,524288,524288,PD0089
2026-10-07T07:58:53.942+02:00,1min 57s,fav0,2284,True,69632,5640192,8179712,524288,524288,PD0089
2026-10-07T07:58:54.942+02:00,1min 58s,fav0,2284,True,69632,5640192,8179712,524288,524288,PD0089
2026-10-07T07:58:55.942+02:00,1min 59s,fav0,2284,True,69632,5640192,8179712,524288,524288,PD0089
2026-10-07T07:58:56.942+02:00,2min 0s,fav0,2284,True,69632,5640192,8179712,524288,524288,PD0089
2026-10-07T07:58:57.943+02:00,2min 1s,fav0,2284,True,69632,5640192,8179712,524288,524288,PD0089
2026-10-07T07:58:58.943+02:00,2min 2s,fav0,2284,True,69632,5640192,8179712,524288,524288,PD0089
2026-10-07T07:58:59.943+02:00,2min 3s,fav0,2284,True,69632,5640192,8179712,524288,524288,PD0089
2026-10-07T07:59:00.943+02:00,2min 4s,fav0,2284,True,69632,5640192,8179712,524288,524288,PD0089
2026-10-07T07:59:01.943+02:00,2min 5s,fav0,2284,True,69632,5640192,8179712,524288,524288,PD0089
2026-10-07T07:59:02.944+02:00,2min 6s,fav0,2284,True,69632,5640192,8179712,524288,524288,PD0089
2026-10-07T07:59:03.944+02:00,2min 7s,fav0,2284,True,69632,5640192,8179712,524288,524288,PD0089
2026-10-07T07:59:04.944+02:00,2min 8s,fav0,2284,True,69632,5640192,8179712,524288,524288,PD0089
2026-10-07T07:59:05.944+02:00,2min 9s,fav0,2284,True,69632,5640192,8179712,524288,524288,PD0089
2026-10-07T07:59:06.944+02:00,2min 10s,fav0,2284,True,69632,5640192,8179712,524288,524288,PD0089
2026-10-07T07:59:07.944+02:00,2min 11s,fav0,2284,True,69632,5640192,8179712,524288,524288,PD0089
2026-10-07T07:59:08.944+02:00,2min 12s,fav0,2284,True,69632,5640192,8179712,524288,524288,PD0089
2026-10-07T07:59:09.945+02:00,2min 13s,fav0,2284,True,69632,5640192,8179712,524288,524288,PD0089
2026-10-07T07:59:10.945+02:00,2min 14s,fav0,2284,True,69632,5640192,8179712,524288,524288,PD0089
2026-10-07T07:59:11.945+02:00,2min 15s,fav0,2284,True,69632,5640192,8179712,524288,524288,PD0089
2026-10-07T07:59:12.945+02:00,2min 16s,fav0,2284,True,69632,5640192,8179712,524288,524288,PD0089
2026-10-07T07:59:13.945+02:00,2min 17s,fav0,2284,True,69632,5640192,8179712,524288,524288,PD0089
2026-10-07T07:59:14.946+02:00,2min 18s,fav0,2284,True,69632,5640192,8179712,524288,524288,PD0089
2026-10-07T07:59:15.946+02:00,2min 19s,fav0,2284,True,69632,5640192,8179712,524288,524288,PD0089
2026-10-07T07:59:16.946+02:00,2min 20s,fav0,2284,True,69632,5640192,8179712,524288,524288,PD0089
2026-10-07T07:59:17.946+02:00,2min 21s,fav0,2284,True,69632,5640192,8179712,524288,524288,PD0089
2026-10-07T07:59:18.946+02:00,2min 22s,fav0,2284,True,69632,5640192,8179712,524288,524288,PD0089
2026-10-07T07:59:19.946+02:00,2min 23s,fav0,2284,True,69632,5640192,8179712,524288,524288,PD0089
2026-10-07T07:59:20.946+02:00,2min 24s,fav0,2284,True,69632,5640192,8179712,524288,524288,PD0089
2026-10-07T07:59:21.947+02:00,2min 25s,fav0,2284,True,69632,5640192,8179712,524288,524288,PD0089
2026-10-07T07:59:22.947+02:00,2min 26s,fav0,2284,True,69632,5640192,8179712,524288,524288,PD0089
2026-10-07T07:59:23.947+02:00,2min 27s,fav0,2284,True,69632,5640192,8179712,524288,524288,PD0089
2026-10-07T07:59:24.947+02:00,2min 28s,fav0,2284,True,69632,5640192,8179712,524288,524288,PD0089
2026-10-07T07:59:25.948+02:00,2min 29s,fav0,2284,True,69632,5640192,8179712,524288,524288,PD0089
2026-10-07T07:59:26.948+02:00,2min 30s,fav0,2284,True,69632,5640192,8179712,524288,524288,PD0089
2026-10-07T07:59:27.948+02:00,2min 31s,fav0,2284,True,69632,5640192,8179712,524288,524288,PD0089
2026-10-07T07:59:28.948+02:00,2min 32s,fav0,2284,True,69632,5640192,8179712,524288,524288,PD0089
2026-10-07T07:59:29.948+02:00,2min 33s,fav0,2284,True,69632,5640192,8179712,524288,524288,PD0089
2026-10-07T07:59:30.948+02:00,2min 34s,fav0,2284,True,69632,5640192,8179712,524288,524288,PD0089
2026-10-07T07:59:31.948+02:00,2min 35s,fav0,2284,True,69632,5640192,8179712,524288,524288,PD0089
2026-10-07T07:59:32.949+02:00,2min 36s,fav0,2284,True,69632,5640192,8179712,524288,524288,PD0089
2026-10-07T07:59:33.949+02:00,2min 37s,fav0,2284,True,69632,5640192,8179712,524288,524288,PD0089
2026-10-07T07:59:34.949+02:00,2min 38s,fav0,2284,True,69632,5640192,8179712,524288,524288,PD0089
2026-10-07T07:59:35.949+02:00,2min 39s,fav0,2284,True,69632,5640192,8179712,524288,524288,PD0089
2026-10-07T07:59:36.949+02:00,2min 40s,fav0,2284,True,69632,5640192,8179712,524288,524288,PD0089
2026-10-07T07:59:37.949+02:00,2min 41s,fav0,2284,True,69632,5640192,8179712,524288,524288,PD0089
2026-10-07T07:59:38.950+02:00,2min 42s,fav0,2284,True,69632,5640192,8179712,524288,524288,PD0089
2026-10-07T07:59:39.950+02:00,2min 43s,fav0,2284,True,69632,5640192,8179712,524288,524288,PD0089
2026-10-07T07:59:40.950+02:00,2min 44s,fav0,2284,True,69632,5640192,8179712,524288,524288,PD0089
2026-10-07T07:59:41.950+02:00,2min 45s,fav0,2284,True,69632,5640192,8179712,524288,524288,PD0089
2026-10-07T07:59:42.950+02:00,2min 46s,fav0,2284,True,69632,5640192,8179712,524288,524288,PD0089
2026-10-07T07:59:43.951+02:00,2min 47s,fav0,2284,True,69632,5640192,8179712,524288,524288,PD0089
2026-10-07T07:59:44.951+02:00,2min 48s,fav0,2284,True,69632,5640192,8179712,524288,524288,PD0089
2026-10-07T07:59:45.951+02:00,2min 49s,fav0,2284,True,69632,5640192,8179712,524288,524288,PD0089
2026-10-07T07:59:46.951+02:00,2min 50s,fav0,2284,True,69632,5640192,8179712,524288,524288,PD0089
2026-10-07T07:59:47.951+02:00,2min 51s,fav0,2284,True,69632,5640192,8179712,524288,524288,PD0089
2026-10-07T07:59:48.951+02:00,2min 52s,fav0,2284,True,69632,5640192,8179712,524288,524288,PD0089
2026-10-07T07:59:49.951+02:00,2min 53s,fav0,2284,True,69632,5640192,8179712,524288,524288,PD0089
2026-10-07T07:59:50.952+02:00,2min 54s,fav0,2284,True,69632,5640192,8179712,524288,524288,PD0089
2026-10-07T07:59:51.952+02:00,2min 55s,fav0,2284,True,69632,5640192,8179712,524288,524288,PD0089
2026-10-07T07:59:52.952+02:00,2min 56s,fav0,2284,True,69632,5640192,8179712,524288,524288,PD0089
2026-10-07T07:59:57.956+02:00,3s,,0,False,0,0,0,0,0,PD0090
2026-10-07T07:59:58.956+02:00,4s,,0,False,0,0,0,0,0,PD0090
2026-10-07T07:59:59.956+02:00,5s,,0,False,0,0,0,0,0,PD0090
