i,off,klass,abs0,seq0,abs0_minus_off
0,,,,,
1,,,,,
2,958464,LIVE,210688,823,-747776
3,962560,LIVE,215296,841,-747264
4,,,,,
5,835584,SILENCE,,,
6,839680,SILENCE,,,
7,843776,SILENCE,,,
8,847872,SILENCE,,,
9,851968,SILENCE,,,
10,856064,SILENCE,,,
11,860160,SILENCE,,,
12,864256,SILENCE,,,
13,868352,SILENCE,,,
14,872448,SILENCE,,,
15,876544,SILENCE,,,
16,880640,SILENCE,,,
17,884736,SILENCE,,,
18,888832,SILENCE,,,
19,892928,SILENCE,,,
20,897024,SILENCE,,,
21,901120,SILENCE,,,
22,905216,SILENCE,,,
23,909312,SILENCE,,,
24,913408,SILENCE,,,
25,917504,SILENCE,,,
26,921600,SILENCE,,,
27,925696,SILENCE,,,
28,929792,SILENCE,,,
29,933888,SILENCE,,,
30,937984,SILENCE,,,
31,942080,SILENCE,,,
32,946176,SILENCE,,,
33,950272,SILENCE,,,
34,954368,SILENCE,,,
35,,,,,
36,712704,SILENCE,,,
37,716800,SILENCE,,,
38,720896,SILENCE,,,
39,724992,SILENCE,,,
40,729088,SILENCE,,,
41,733184,SILENCE,,,
42,737280,SILENCE,,,
43,741376,SILENCE,,,
44,745472,SILENCE,,,
45,749568,SILENCE,,,
46,753664,SILENCE,,,
47,757760,SILENCE,,,
48,761856,SILENCE,,,
49,765952,SILENCE,,,
50,770048,SILENCE,,,
51,774144,SILENCE,,,
52,778240,SILENCE,,,
53,782336,SILENCE,,,
54,786432,SILENCE,,,
55,790528,SILENCE,,,
56,794624,SILENCE,,,
57,798720,SILENCE,,,
58,802816,SILENCE,,,
59,806912,SILENCE,,,
60,811008,SILENCE,,,
61,815104,SILENCE,,,
62,819200,SILENCE,,,
63,823296,SILENCE,,,
64,827392,SILENCE,,,
65,831488,SILENCE,,,
66,,,,,
67,966656,LIVE,549632,2147,-417024
68,970752,LIVE,554240,2165,-416512
69,974848,LIVE,558592,2182,-416256
70,978944,LIVE,563200,2200,-415744
71,983040,LIVE,567296,2216,-415744
72,987136,LIVE,571392,2232,-415744
73,991232,LIVE,575488,2248,-415744
74,995328,LIVE,579584,2264,-415744
75,999424,LIVE,583680,2280,-415744
76,1003520,LIVE,587776,2296,-415744
77,1007616,LIVE,591872,2312,-415744
78,1011712,LIVE,595968,2328,-415744
79,1015808,LIVE,600576,2346,-415232
80,1019904,LIVE,604928,2363,-414976
81,1024000,LIVE,609024,2379,-414976
82,1028096,LIVE,613120,2395,-414976
83,1032192,LIVE,617216,2411,-414976
84,1036288,LIVE,621312,2427,-414976
85,1040384,LIVE,625920,2445,-414464
86,1044480,LIVE,630016,2461,-414464
87,1048576,LIVE,634112,2477,-414464
88,1052672,LIVE,638208,2493,-414464
89,1056768,LIVE,642304,2509,-414464
90,1060864,LIVE,646656,2526,-414208
91,1064960,LIVE,650752,2542,-414208
92,1069056,LIVE,654848,2558,-414208
93,1073152,LIVE,658944,2574,-414208
94,1077248,LIVE,663296,2591,-413952
95,1081344,LIVE,667392,2607,-413952
96,1085440,LIVE,671488,2623,-413952
97,1089536,LIVE,675584,2639,-413952
98,1093632,LIVE,679680,2655,-413952
99,1097728,LIVE,683776,2671,-413952
100,1101824,LIVE,688640,2690,-413184
101,1105920,LIVE,692736,2706,-413184
102,1110016,LIVE,696832,2722,-413184
103,1114112,LIVE,700928,2738,-413184
104,1118208,LIVE,705024,2754,-413184
105,1122304,LIVE,709632,2772,-412672
106,1126400,LIVE,713728,2788,-412672
107,1130496,LIVE,717824,2804,-412672
108,1134592,LIVE,721920,2820,-412672
109,1138688,LIVE,726016,2836,-412672
110,1142784,LIVE,730112,2852,-412672
111,1146880,LIVE,734208,2868,-412672
112,1150976,LIVE,738304,2884,-412672
113,1155072,LIVE,742400,2900,-412672
114,1159168,LIVE,747008,2918,-412160
115,1163264,LIVE,751360,2935,-411904
116,1167360,LIVE,755456,2951,-411904
117,1171456,LIVE,759552,2967,-411904
118,1175552,LIVE,763648,2983,-411904
119,1179648,LIVE,767744,2999,-411904
120,1183744,LIVE,772352,3017,-411392
121,1187840,LIVE,776448,3033,-411392
122,1191936,LIVE,780544,3049,-411392
123,1196032,LIVE,784640,3065,-411392
124,1200128,LIVE,788736,3081,-411392
125,1204224,LIVE,793088,3098,-411136
126,1208320,LIVE,797184,3114,-411136
127,1212416,LIVE,801280,3130,-411136
128,1216512,LIVE,805376,3146,-411136
129,1220608,LIVE,809728,3163,-410880
130,1224704,LIVE,814080,3180,-410624
131,1228800,LIVE,818176,3196,-410624
132,1232896,LIVE,822272,3212,-410624
133,1236992,LIVE,826368,3228,-410624
134,1241088,LIVE,830464,3244,-410624
135,1245184,LIVE,835072,3262,-410112
136,1249280,LIVE,839168,3278,-410112
137,1253376,LIVE,843264,3294,-410112
138,1257472,LIVE,847360,3310,-410112
139,1261568,LIVE,851456,3326,-410112
140,1265664,LIVE,856064,3344,-409600
141,1269760,LIVE,860160,3360,-409600
142,1273856,LIVE,864256,3376,-409600
143,1277952,LIVE,868352,3392,-409600
144,1282048,LIVE,872448,3408,-409600
145,1286144,LIVE,876800,3425,-409344
146,1290240,LIVE,880896,3441,-409344
147,1294336,LIVE,884992,3457,-409344
148,1298432,LIVE,889088,3473,-409344
149,1302528,LIVE,893184,3489,-409344
150,1306624,LIVE,897792,3507,-408832
151,1310720,LIVE,901888,3523,-408832
152,1314816,LIVE,905984,3539,-408832
153,1318912,LIVE,910080,3555,-408832
154,1323008,LIVE,914176,3571,-408832
155,1327104,LIVE,918784,3589,-408320
156,1331200,LIVE,922880,3605,-408320
157,,,,,
158,344064,SILENCE,,,
159,348160,SILENCE,,,
160,352256,SILENCE,,,
161,356352,SILENCE,,,
162,360448,SILENCE,,,
163,364544,SILENCE,,,
164,368640,SILENCE,,,
165,372736,SILENCE,,,
166,376832,SILENCE,,,
167,380928,SILENCE,,,
168,385024,SILENCE,,,
169,389120,SILENCE,,,
170,393216,SILENCE,,,
171,397312,SILENCE,,,
172,401408,SILENCE,,,
173,405504,SILENCE,,,
174,409600,SILENCE,,,
175,413696,SILENCE,,,
176,417792,SILENCE,,,
177,421888,SILENCE,,,
178,425984,SILENCE,,,
179,430080,SILENCE,,,
180,434176,SILENCE,,,
181,438272,SILENCE,,,
182,442368,SILENCE,,,
183,446464,SILENCE,,,
184,450560,SILENCE,,,
185,454656,SILENCE,,,
186,458752,SILENCE,,,
187,462848,SILENCE,,,
188,466944,SILENCE,,,
189,471040,SILENCE,,,
190,475136,SILENCE,,,
191,479232,SILENCE,,,
192,483328,SILENCE,,,
193,487424,SILENCE,,,
194,491520,SILENCE,,,
195,495616,SILENCE,,,
196,499712,SILENCE,,,
197,503808,SILENCE,,,
198,507904,SILENCE,,,
199,512000,SILENCE,,,
200,516096,SILENCE,,,
201,520192,SILENCE,,,
202,524288,SILENCE,,,
203,528384,SILENCE,,,
204,532480,SILENCE,,,
205,536576,SILENCE,,,
206,540672,SILENCE,,,
207,544768,SILENCE,,,
208,548864,SILENCE,,,
209,552960,SILENCE,,,
210,557056,SILENCE,,,
211,561152,SILENCE,,,
212,565248,SILENCE,,,
213,569344,SILENCE,,,
214,573440,SILENCE,,,
215,577536,SILENCE,,,
216,581632,SILENCE,,,
217,585728,SILENCE,,,
218,589824,SILENCE,,,
219,593920,SILENCE,,,
220,598016,SILENCE,,,
221,602112,SILENCE,,,
222,606208,SILENCE,,,
223,610304,SILENCE,,,
224,614400,SILENCE,,,
225,618496,SILENCE,,,
226,622592,SILENCE,,,
227,626688,SILENCE,,,
228,630784,SILENCE,,,
229,634880,SILENCE,,,
230,638976,SILENCE,,,
231,643072,SILENCE,,,
232,647168,SILENCE,,,
233,651264,SILENCE,,,
234,655360,SILENCE,,,
235,659456,SILENCE,,,
236,663552,SILENCE,,,
237,667648,SILENCE,,,
238,671744,SILENCE,,,
239,675840,SILENCE,,,
240,679936,SILENCE,,,
241,684032,SILENCE,,,
242,688128,SILENCE,,,
243,692224,SILENCE,,,
244,696320,SILENCE,,,
245,700416,SILENCE,,,
246,704512,SILENCE,,,
247,708608,SILENCE,,,
248,,,,,
249,1335296,LIVE,1302528,5088,-32768
250,1339392,LIVE,1306624,5104,-32768
251,1343488,LIVE,1311488,5123,-32000
252,1347584,LIVE,1315840,5140,-31744
253,1351680,LIVE,1319936,5156,-31744
254,1355776,LIVE,1324032,5172,-31744
255,1359872,LIVE,1328128,5188,-31744
256,1363968,LIVE,1332480,5205,-31488
257,1368064,LIVE,1336832,5222,-31232
258,1372160,LIVE,1340928,5238,-31232
259,1376256,LIVE,1345024,5254,-31232
260,1380352,LIVE,1349120,5270,-31232
261,1384448,LIVE,1353216,5286,-31232
262,1388544,LIVE,1357824,5304,-30720
263,1392640,LIVE,1361920,5320,-30720
264,1396736,LIVE,1366016,5336,-30720
265,1400832,LIVE,1370112,5352,-30720
266,1404928,LIVE,1374208,5368,-30720
267,1409024,LIVE,1378560,5385,-30464
268,1413120,LIVE,1382656,5401,-30464
269,1417216,LIVE,1386752,5417,-30464
270,1421312,LIVE,1390848,5433,-30464
271,1425408,LIVE,1395200,5450,-30208
272,1429504,LIVE,1399296,5466,-30208
273,1433600,LIVE,1403392,5482,-30208
274,1437696,LIVE,1407488,5498,-30208
275,1441792,LIVE,1411584,5514,-30208
276,1445888,LIVE,1416192,5532,-29696
277,1449984,LIVE,1420544,5549,-29440
278,1454080,LIVE,1424640,5565,-29440
279,1458176,LIVE,1428736,5581,-29440
280,1462272,LIVE,1432832,5597,-29440
281,1466368,LIVE,1436928,5613,-29440
282,1470464,LIVE,1441280,5630,-29184
283,1474560,LIVE,1445376,5646,-29184
284,1478656,LIVE,1449472,5662,-29184
285,1482752,LIVE,1453568,5678,-29184
286,1486848,LIVE,1457920,5695,-28928
287,1490944,LIVE,1462016,5711,-28928
288,1495040,LIVE,1466112,5727,-28928
289,1499136,LIVE,1470208,5743,-28928
290,1503232,LIVE,1474304,5759,-28928
291,1507328,LIVE,1478912,5777,-28416
292,1511424,LIVE,1483264,5794,-28160
293,1515520,LIVE,1487360,5810,-28160
294,1519616,LIVE,1491456,5826,-28160
295,1523712,LIVE,1495552,5842,-28160
296,1527808,LIVE,1499648,5858,-28160
297,1531904,LIVE,1504256,5876,-27648
298,1536000,LIVE,1508352,5892,-27648
299,1540096,LIVE,1512448,5908,-27648
300,1544192,LIVE,1516544,5924,-27648
301,1548288,LIVE,1520640,5940,-27648
302,1552384,LIVE,1524992,5957,-27392
303,1556480,LIVE,1529088,5973,-27392
304,1560576,LIVE,1533184,5989,-27392
305,1564672,LIVE,1537280,6005,-27392
306,1568768,LIVE,1541632,6022,-27136
307,1572864,LIVE,1545728,6038,-27136
308,1576960,LIVE,1549824,6054,-27136
309,1581056,LIVE,1553920,6070,-27136
310,1585152,LIVE,1558016,6086,-27136
311,1589248,LIVE,1562624,6104,-26624
312,1593344,LIVE,1566976,6121,-26368
313,1597440,LIVE,1571072,6137,-26368
314,1601536,LIVE,1575168,6153,-26368
315,1605632,LIVE,1579264,6169,-26368
316,1609728,LIVE,1583360,6185,-26368
317,1613824,LIVE,1587712,6202,-26112
318,1617920,LIVE,1591808,6218,-26112
319,1622016,LIVE,1595904,6234,-26112
320,1626112,LIVE,1600000,6250,-26112
321,1630208,LIVE,1604352,6267,-25856
322,1634304,LIVE,1608704,6284,-25600
323,1638400,LIVE,1612800,6300,-25600
324,1642496,LIVE,1616896,6316,-25600
325,1646592,LIVE,1620992,6332,-25600
326,1650688,LIVE,1625344,6349,-25344
327,1654784,LIVE,1629696,6366,-25088
328,1658880,LIVE,1633792,6382,-25088
329,1662976,LIVE,1637888,6398,-25088
330,1667072,LIVE,1641984,6414,-25088
331,1671168,LIVE,1646080,6430,-25088
332,1675264,LIVE,1650688,6448,-24576
333,1679360,LIVE,1654784,6464,-24576
334,1683456,LIVE,1658880,6480,-24576
335,1687552,LIVE,1662976,6496,-24576
336,1691648,LIVE,1667072,6512,-24576
337,1695744,LIVE,1671424,6529,-24320
338,1699840,LIVE,1675520,6545,-24320
339,1703936,LIVE,1679616,6561,-24320
340,1708032,LIVE,1683712,6577,-24320
341,1712128,LIVE,1688064,6594,-24064
342,1716224,LIVE,1692416,6611,-23808
343,1720320,LIVE,1696512,6627,-23808
344,1724416,LIVE,1700608,6643,-23808
345,1728512,LIVE,1704704,6659,-23808
346,1732608,LIVE,1708800,6675,-23808
347,1736704,LIVE,1713408,6693,-23296
348,1740800,LIVE,1717504,6709,-23296
349,1744896,LIVE,1721600,6725,-23296
350,1748992,LIVE,1725696,6741,-23296
351,1753088,LIVE,1729792,6757,-23296
352,1757184,LIVE,1733888,6773,-23296
353,1761280,LIVE,1737984,6789,-23296
354,1765376,LIVE,1742080,6805,-23296
355,1769472,LIVE,1746176,6821,-23296
356,1773568,LIVE,1750272,6837,-23296
357,1777664,LIVE,1754368,6853,-23296
358,1781760,LIVE,1758464,6869,-23296
359,1785856,LIVE,1762560,6885,-23296
360,1789952,LIVE,1766656,6901,-23296
361,1794048,LIVE,1770752,6917,-23296
362,1798144,LIVE,1774848,6933,-23296
363,1802240,LIVE,1778944,6949,-23296
364,1806336,SILENCE,,,
365,1810432,SILENCE,,,
366,1814528,SILENCE,,,
367,1818624,SILENCE,,,
368,1822720,SILENCE,,,
369,1826816,SILENCE,,,
370,1830912,SILENCE,,,
371,1835008,SILENCE,,,
372,1839104,SILENCE,,,
373,1843200,SILENCE,,,
374,1847296,SILENCE,,,
375,1851392,SILENCE,,,
376,1855488,SILENCE,,,
377,1859584,SILENCE,,,
378,1863680,SILENCE,,,
379,1867776,SILENCE,,,
380,1871872,SILENCE,,,
381,1875968,SILENCE,,,
382,1880064,SILENCE,,,
383,1884160,SILENCE,,,
384,1888256,SILENCE,,,
385,1892352,SILENCE,,,
386,1896448,SILENCE,,,
387,1900544,SILENCE,,,
388,1904640,SILENCE,,,
389,1908736,SILENCE,,,
390,1912832,SILENCE,,,
391,1916928,SILENCE,,,
392,1921024,SILENCE,,,
393,1925120,SILENCE,,,
394,1929216,SILENCE,,,
395,1933312,SILENCE,,,
396,1937408,SILENCE,,,
397,1941504,SILENCE,,,
398,1945600,SILENCE,,,
399,1949696,SILENCE,,,
400,1953792,SILENCE,,,
401,1957888,SILENCE,,,
402,1961984,SILENCE,,,
403,1966080,SILENCE,,,
404,1970176,SILENCE,,,
405,1974272,SILENCE,,,
406,1978368,SILENCE,,,
407,1982464,SILENCE,,,
408,1986560,SILENCE,,,
409,1990656,SILENCE,,,
410,1994752,SILENCE,,,
411,1998848,SILENCE,,,
412,2002944,SILENCE,,,
413,2007040,SILENCE,,,
414,2011136,SILENCE,,,
415,2015232,SILENCE,,,
416,2019328,SILENCE,,,
417,2023424,SILENCE,,,
418,2027520,SILENCE,,,
419,2031616,SILENCE,,,
420,2035712,SILENCE,,,
421,2039808,SILENCE,,,
422,2043904,SILENCE,,,
423,2048000,SILENCE,,,
424,2052096,SILENCE,,,
425,2056192,SILENCE,,,
426,2060288,SILENCE,,,
427,2064384,SILENCE,,,
428,2068480,SILENCE,,,
429,2072576,SILENCE,,,
430,2076672,SILENCE,,,
431,2080768,SILENCE,,,
432,2084864,SILENCE,,,
433,2088960,SILENCE,,,
434,2093056,SILENCE,,,
435,2097152,SILENCE,,,
436,2101248,SILENCE,,,
437,2105344,SILENCE,,,
438,2109440,SILENCE,,,
439,2113536,SILENCE,,,
440,2117632,SILENCE,,,
441,2121728,SILENCE,,,
442,2125824,SILENCE,,,
443,2129920,SILENCE,,,
444,2134016,SILENCE,,,
445,2138112,SILENCE,,,
446,2142208,SILENCE,,,
447,2146304,SILENCE,,,
448,2150400,SILENCE,,,
449,2154496,SILENCE,,,
450,2158592,SILENCE,,,
451,2162688,SILENCE,,,
452,2166784,SILENCE,,,
453,2170880,SILENCE,,,
454,2174976,SILENCE,,,
455,2179072,SILENCE,,,
456,2183168,SILENCE,,,
457,2187264,SILENCE,,,
458,2191360,SILENCE,,,
459,2195456,SILENCE,,,
460,2199552,SILENCE,,,
461,2203648,SILENCE,,,
462,2207744,SILENCE,,,
463,2211840,SILENCE,,,
464,2215936,SILENCE,,,
465,2220032,SILENCE,,,
466,2224128,SILENCE,,,
467,2228224,SILENCE,,,
468,2232320,SILENCE,,,
469,2236416,SILENCE,,,
470,2240512,SILENCE,,,
471,2244608,SILENCE,,,
472,2248704,SILENCE,,,
473,2252800,SILENCE,,,
474,2256896,SILENCE,,,
475,2260992,SILENCE,,,
476,2265088,SILENCE,,,
477,2269184,SILENCE,,,
478,2273280,SILENCE,,,
479,2277376,SILENCE,,,
480,2281472,SILENCE,,,
481,2285568,SILENCE,,,
482,2289664,SILENCE,,,
483,2293760,SILENCE,,,
484,2297856,SILENCE,,,
485,2301952,SILENCE,,,
486,2306048,SILENCE,,,
487,2310144,SILENCE,,,
488,2314240,SILENCE,,,
489,2318336,SILENCE,,,
490,2322432,SILENCE,,,
