i,off,klass,abs0,seq0,seq1,n,abs0_minus_off
2,0,ID3,,,,4096,
3,4096,LIVE,23808,93,108,4096,19712
4,8192,LIVE,27904,109,124,4096,19712
5,12288,LIVE,32000,125,140,4096,19712
6,16384,LIVE,36096,141,156,4096,19712
7,20480,LIVE,40192,157,172,4096,19712
8,24576,LIVE,44288,173,188,4096,19712
9,28672,LIVE,48384,189,204,4096,19712
10,32768,LIVE,52480,205,220,4096,19712
11,36864,LIVE,56576,221,236,4096,19712
12,40960,LIVE,60672,237,252,4096,19712
13,45056,LIVE,64768,253,268,4096,19712
14,49152,LIVE,68864,269,276,4096,19712
15,53248,SILENCE,,,,4096,
16,57344,SILENCE,,,,4096,
17,61440,SILENCE,,,,4096,
18,65536,SILENCE,,,,4096,
19,69632,SILENCE,,,,4096,
20,73728,SILENCE,,,,4096,
21,77824,SILENCE,,,,4096,
22,81920,SILENCE,,,,4096,
23,86016,SILENCE,,,,4096,
24,90112,SILENCE,,,,4096,
25,94208,SILENCE,,,,4096,
26,98304,SILENCE,,,,4096,
27,102400,SILENCE,,,,4096,
28,106496,SILENCE,,,,4096,
29,110592,SILENCE,,,,4096,
30,114688,SILENCE,,,,4096,
31,118784,SILENCE,,,,4096,
32,122880,SILENCE,,,,4096,
33,126976,SILENCE,,,,4096,
34,131072,SILENCE,,,,4096,
35,135168,SILENCE,,,,4096,
36,139264,SILENCE,,,,4096,
37,143360,SILENCE,,,,4096,
38,147456,SILENCE,,,,4096,
39,151552,SILENCE,,,,4096,
40,155648,SILENCE,,,,4096,
41,159744,SILENCE,,,,4096,
42,163840,SILENCE,,,,4096,
43,167936,SILENCE,,,,4096,
44,172032,SILENCE,,,,4096,
45,176128,SILENCE,,,,4096,
46,180224,SILENCE,,,,4096,
47,184320,SILENCE,,,,4096,
48,188416,SILENCE,,,,4096,
49,192512,SILENCE,,,,4096,
50,196608,SILENCE,,,,4096,
51,200704,SILENCE,,,,4096,
52,204800,SILENCE,,,,4096,
53,208896,SILENCE,,,,4096,
54,212992,SILENCE,,,,4096,
55,217088,SILENCE,,,,4096,
56,221184,SILENCE,,,,4096,
57,225280,SILENCE,,,,4096,
58,229376,SILENCE,,,,4096,
59,233472,SILENCE,,,,4096,
60,237568,SILENCE,,,,4096,
61,241664,SILENCE,,,,4096,
62,245760,SILENCE,,,,4096,
63,249856,SILENCE,,,,4096,
64,253952,SILENCE,,,,4096,
65,258048,SILENCE,,,,4096,
66,262144,SILENCE,,,,4096,
67,266240,SILENCE,,,,4096,
68,270336,SILENCE,,,,4096,
69,274432,SILENCE,,,,4096,
70,278528,SILENCE,,,,4096,
71,282624,SILENCE,,,,4096,
72,286720,SILENCE,,,,4096,
73,290816,SILENCE,,,,4096,
74,294912,SILENCE,,,,4096,
75,299008,SILENCE,,,,4096,
76,303104,SILENCE,,,,4096,
77,307200,SILENCE,,,,4096,
78,311296,SILENCE,,,,4096,
79,315392,SILENCE,,,,4096,
80,319488,SILENCE,,,,4096,
81,323584,SILENCE,,,,4096,
82,327680,SILENCE,,,,4096,
83,331776,SILENCE,,,,4096,
84,335872,SILENCE,,,,4096,
85,339968,SILENCE,,,,4096,
86,344064,SILENCE,,,,4096,
87,348160,SILENCE,,,,4096,
88,352256,SILENCE,,,,4096,
89,356352,SILENCE,,,,4096,
90,360448,SILENCE,,,,4096,
91,364544,SILENCE,,,,4096,
93,434176,SILENCE,,,,4096,
94,438272,SILENCE,,,,4096,
95,442368,SILENCE,,,,4096,
96,446464,SILENCE,,,,4096,
97,450560,SILENCE,,,,4096,
98,454656,SILENCE,,,,4096,
99,458752,SILENCE,,,,4096,
100,462848,SILENCE,,,,4096,
101,466944,SILENCE,,,,4096,
102,471040,SILENCE,,,,4096,
103,475136,SILENCE,,,,4096,
104,479232,SILENCE,,,,4096,
105,483328,SILENCE,,,,4096,
106,487424,SILENCE,,,,4096,
107,491520,SILENCE,,,,4096,
108,495616,SILENCE,,,,4096,
110,368640,SILENCE,,,,4096,
111,372736,SILENCE,,,,4096,
112,376832,SILENCE,,,,4096,
113,380928,SILENCE,,,,4096,
114,385024,SILENCE,,,,4096,
115,389120,SILENCE,,,,4096,
116,393216,SILENCE,,,,4096,
117,397312,SILENCE,,,,4096,
118,401408,SILENCE,,,,4096,
119,405504,SILENCE,,,,4096,
120,409600,SILENCE,,,,4096,
121,413696,SILENCE,,,,4096,
122,417792,SILENCE,,,,4096,
123,421888,SILENCE,,,,4096,
124,425984,SILENCE,,,,4096,
125,430080,SILENCE,,,,4096,
127,565248,SILENCE,,,,4096,
128,569344,SILENCE,,,,4096,
129,573440,SILENCE,,,,4096,
130,577536,SILENCE,,,,4096,
131,581632,SILENCE,,,,4096,
132,585728,SILENCE,,,,4096,
133,589824,SILENCE,,,,4096,
134,593920,SILENCE,,,,4096,
135,598016,SILENCE,,,,4096,
136,602112,SILENCE,,,,4096,
137,606208,SILENCE,,,,4096,
138,610304,SILENCE,,,,4096,
139,614400,SILENCE,,,,4096,
140,618496,SILENCE,,,,4096,
141,622592,SILENCE,,,,4096,
142,626688,SILENCE,,,,4096,
144,499712,SILENCE,,,,4096,
145,503808,SILENCE,,,,4096,
146,507904,SILENCE,,,,4096,
147,512000,SILENCE,,,,4096,
148,516096,SILENCE,,,,4096,
149,520192,SILENCE,,,,4096,
150,524288,SILENCE,,,,4096,
151,528384,SILENCE,,,,4096,
152,532480,SILENCE,,,,4096,
153,536576,SILENCE,,,,4096,
154,540672,SILENCE,,,,4096,
155,544768,SILENCE,,,,4096,
156,548864,SILENCE,,,,4096,
157,552960,SILENCE,,,,4096,
158,557056,SILENCE,,,,4096,
159,561152,SILENCE,,,,4096,
161,696320,SILENCE,,,,4096,
162,700416,SILENCE,,,,4096,
163,704512,SILENCE,,,,4096,
164,708608,SILENCE,,,,4096,
165,712704,SILENCE,,,,4096,
166,716800,SILENCE,,,,4096,
167,720896,SILENCE,,,,4096,
168,724992,SILENCE,,,,4096,
169,729088,SILENCE,,,,4096,
170,733184,SILENCE,,,,4096,
171,737280,SILENCE,,,,4096,
172,741376,SILENCE,,,,4096,
173,745472,SILENCE,,,,4096,
174,749568,SILENCE,,,,4096,
175,753664,SILENCE,,,,4096,
176,757760,SILENCE,,,,4096,
178,630784,SILENCE,,,,4096,
179,634880,SILENCE,,,,4096,
180,638976,SILENCE,,,,4096,
181,643072,SILENCE,,,,4096,
182,647168,SILENCE,,,,4096,
183,651264,SILENCE,,,,4096,
184,655360,SILENCE,,,,4096,
185,659456,SILENCE,,,,4096,
186,663552,SILENCE,,,,4096,
187,667648,SILENCE,,,,4096,
188,671744,SILENCE,,,,4096,
189,675840,SILENCE,,,,4096,
190,679936,SILENCE,,,,4096,
191,684032,SILENCE,,,,4096,
192,688128,SILENCE,,,,4096,
193,692224,SILENCE,,,,4096,
195,827392,SILENCE,,,,4096,
196,831488,SILENCE,,,,4096,
197,835584,SILENCE,,,,4096,
198,839680,SILENCE,,,,4096,
199,843776,SILENCE,,,,4096,
200,847872,SILENCE,,,,4096,
201,851968,SILENCE,,,,4096,
202,856064,SILENCE,,,,4096,
203,860160,SILENCE,,,,4096,
204,864256,SILENCE,,,,4096,
205,868352,SILENCE,,,,4096,
206,872448,SILENCE,,,,4096,
207,876544,SILENCE,,,,4096,
208,880640,SILENCE,,,,4096,
209,884736,SILENCE,,,,4096,
210,888832,SILENCE,,,,4096,
212,761856,SILENCE,,,,4096,
213,765952,SILENCE,,,,4096,
214,770048,SILENCE,,,,4096,
215,774144,SILENCE,,,,4096,
216,778240,SILENCE,,,,4096,
217,782336,SILENCE,,,,4096,
218,786432,SILENCE,,,,4096,
219,790528,SILENCE,,,,4096,
220,794624,SILENCE,,,,4096,
221,798720,SILENCE,,,,4096,
222,802816,SILENCE,,,,4096,
223,806912,SILENCE,,,,4096,
224,811008,SILENCE,,,,4096,
225,815104,SILENCE,,,,4096,
226,819200,SILENCE,,,,4096,
227,823296,SILENCE,,,,4096,
229,958464,SILENCE,,,,4096,
230,962560,SILENCE,,,,4096,
231,966656,SILENCE,,,,4096,
232,970752,SILENCE,,,,4096,
233,974848,SILENCE,,,,4096,
234,978944,SILENCE,,,,4096,
235,983040,SILENCE,,,,4096,
236,987136,SILENCE,,,,4096,
237,991232,SILENCE,,,,4096,
238,995328,SILENCE,,,,4096,
239,999424,SILENCE,,,,4096,
240,1003520,SILENCE,,,,4096,
241,1007616,SILENCE,,,,4096,
242,1011712,SILENCE,,,,4096,
243,1015808,SILENCE,,,,4096,
244,1019904,SILENCE,,,,4096,
246,892928,SILENCE,,,,4096,
247,897024,SILENCE,,,,4096,
248,901120,SILENCE,,,,4096,
249,905216,SILENCE,,,,4096,
250,909312,SILENCE,,,,4096,
251,913408,SILENCE,,,,4096,
252,917504,SILENCE,,,,4096,
253,921600,SILENCE,,,,4096,
254,925696,SILENCE,,,,4096,
255,929792,SILENCE,,,,4096,
256,933888,SILENCE,,,,4096,
257,937984,SILENCE,,,,4096,
258,942080,SILENCE,,,,4096,
259,946176,SILENCE,,,,4096,
260,950272,SILENCE,,,,4096,
261,954368,SILENCE,,,,4096,
263,1089536,SILENCE,,,,4096,
264,1093632,SILENCE,,,,4096,
265,1097728,SILENCE,,,,4096,
266,1101824,SILENCE,,,,4096,
267,1105920,SILENCE,,,,4096,
268,1110016,SILENCE,,,,4096,
269,1114112,SILENCE,,,,4096,
270,1118208,SILENCE,,,,4096,
271,1122304,SILENCE,,,,4096,
272,1126400,SILENCE,,,,4096,
273,1130496,SILENCE,,,,4096,
274,1134592,SILENCE,,,,4096,
275,1138688,SILENCE,,,,4096,
276,1142784,SILENCE,,,,4096,
277,1146880,SILENCE,,,,4096,
278,1150976,SILENCE,,,,4096,
280,1024000,SILENCE,,,,4096,
281,1028096,SILENCE,,,,4096,
282,1032192,SILENCE,,,,4096,
283,1036288,SILENCE,,,,4096,
284,1040384,SILENCE,,,,4096,
285,1044480,SILENCE,,,,4096,
286,1048576,SILENCE,,,,4096,
287,1052672,SILENCE,,,,4096,
288,1056768,SILENCE,,,,4096,
289,1060864,SILENCE,,,,4096,
290,1064960,SILENCE,,,,4096,
291,1069056,SILENCE,,,,4096,
292,1073152,SILENCE,,,,4096,
293,1077248,SILENCE,,,,4096,
294,1081344,SILENCE,,,,4096,
295,1085440,SILENCE,,,,4096,
297,1220608,SILENCE,,,,4096,
298,1224704,SILENCE,,,,4096,
299,1228800,SILENCE,,,,4096,
300,1232896,SILENCE,,,,4096,
301,1236992,SILENCE,,,,4096,
302,1241088,SILENCE,,,,4096,
303,1245184,SILENCE,,,,4096,
304,1249280,SILENCE,,,,4096,
305,1253376,SILENCE,,,,4096,
306,1257472,SILENCE,,,,4096,
307,1261568,SILENCE,,,,4096,
308,1265664,SILENCE,,,,4096,
309,1269760,SILENCE,,,,4096,
310,1273856,SILENCE,,,,4096,
311,1277952,SILENCE,,,,4096,
312,1282048,SILENCE,,,,4096,
314,1155072,SILENCE,,,,4096,
315,1159168,SILENCE,,,,4096,
316,1163264,SILENCE,,,,4096,
317,1167360,SILENCE,,,,4096,
318,1171456,SILENCE,,,,4096,
319,1175552,SILENCE,,,,4096,
320,1179648,SILENCE,,,,4096,
321,1183744,SILENCE,,,,4096,
322,1187840,SILENCE,,,,4096,
323,1191936,SILENCE,,,,4096,
324,1196032,SILENCE,,,,4096,
325,1200128,SILENCE,,,,4096,
326,1204224,SILENCE,,,,4096,
327,1208320,SILENCE,,,,4096,
328,1212416,SILENCE,,,,4096,
329,1216512,SILENCE,,,,4096,
331,1351680,SILENCE,,,,4096,
332,1355776,SILENCE,,,,4096,
333,1359872,SILENCE,,,,4096,
334,1363968,SILENCE,,,,4096,
335,1368064,SILENCE,,,,4096,
336,1372160,SILENCE,,,,4096,
337,1376256,SILENCE,,,,4096,
338,1380352,SILENCE,,,,4096,
339,1384448,SILENCE,,,,4096,
340,1388544,SILENCE,,,,4096,
341,1392640,SILENCE,,,,4096,
342,1396736,SILENCE,,,,4096,
343,1400832,SILENCE,,,,4096,
344,1404928,SILENCE,,,,4096,
345,1409024,SILENCE,,,,4096,
346,1413120,SILENCE,,,,4096,
348,1286144,SILENCE,,,,4096,
349,1290240,SILENCE,,,,4096,
350,1294336,SILENCE,,,,4096,
351,1298432,SILENCE,,,,4096,
352,1302528,SILENCE,,,,4096,
353,1306624,SILENCE,,,,4096,
354,1310720,SILENCE,,,,4096,
355,1314816,SILENCE,,,,4096,
356,1318912,SILENCE,,,,4096,
357,1323008,SILENCE,,,,4096,
358,1327104,SILENCE,,,,4096,
359,1331200,SILENCE,,,,4096,
360,1335296,SILENCE,,,,4096,
361,1339392,SILENCE,,,,4096,
362,1343488,SILENCE,,,,4096,
363,1347584,SILENCE,,,,4096,
365,1482752,SILENCE,,,,4096,
366,1486848,SILENCE,,,,4096,
367,1490944,SILENCE,,,,4096,
368,1495040,SILENCE,,,,4096,
369,1499136,SILENCE,,,,4096,
370,1503232,SILENCE,,,,4096,
371,1507328,SILENCE,,,,4096,
372,1511424,SILENCE,,,,4096,
373,1515520,SILENCE,,,,4096,
374,1519616,SILENCE,,,,4096,
375,1523712,SILENCE,,,,4096,
376,1527808,SILENCE,,,,4096,
377,1531904,SILENCE,,,,4096,
378,1536000,SILENCE,,,,4096,
379,1540096,SILENCE,,,,4096,
380,1544192,SILENCE,,,,4096,
382,1417216,SILENCE,,,,4096,
383,1421312,SILENCE,,,,4096,
384,1425408,SILENCE,,,,4096,
385,1429504,SILENCE,,,,4096,
386,1433600,SILENCE,,,,4096,
387,1437696,SILENCE,,,,4096,
388,1441792,SILENCE,,,,4096,
389,1445888,SILENCE,,,,4096,
390,1449984,SILENCE,,,,4096,
391,1454080,SILENCE,,,,4096,
392,1458176,SILENCE,,,,4096,
393,1462272,SILENCE,,,,4096,
394,1466368,SILENCE,,,,4096,
395,1470464,SILENCE,,,,4096,
396,1474560,SILENCE,,,,4096,
397,1478656,SILENCE,,,,4096,
399,1613824,SILENCE,,,,4096,
400,1617920,SILENCE,,,,4096,
401,1622016,SILENCE,,,,4096,
402,1626112,SILENCE,,,,4096,
403,1630208,SILENCE,,,,4096,
404,1634304,SILENCE,,,,4096,
405,1638400,SILENCE,,,,4096,
406,1642496,SILENCE,,,,4096,
407,1646592,SILENCE,,,,4096,
408,1650688,SILENCE,,,,4096,
409,1654784,SILENCE,,,,4096,
410,1658880,SILENCE,,,,4096,
411,1662976,SILENCE,,,,4096,
412,1667072,SILENCE,,,,4096,
413,1671168,SILENCE,,,,4096,
414,1675264,SILENCE,,,,4096,
416,1548288,SILENCE,,,,4096,
417,1552384,SILENCE,,,,4096,
418,1556480,SILENCE,,,,4096,
419,1560576,SILENCE,,,,4096,
420,1564672,SILENCE,,,,4096,
421,1568768,SILENCE,,,,4096,
422,1572864,SILENCE,,,,4096,
423,1576960,SILENCE,,,,4096,
424,1581056,SILENCE,,,,4096,
425,1585152,SILENCE,,,,4096,
426,1589248,SILENCE,,,,4096,
427,1593344,SILENCE,,,,4096,
428,1597440,SILENCE,,,,4096,
429,1601536,SILENCE,,,,4096,
430,1605632,SILENCE,,,,4096,
431,1609728,SILENCE,,,,4096,
433,1744896,SILENCE,,,,4096,
434,1748992,SILENCE,,,,4096,
435,1753088,SILENCE,,,,4096,
436,1757184,SILENCE,,,,4096,
437,1761280,SILENCE,,,,4096,
438,1765376,SILENCE,,,,4096,
439,1769472,SILENCE,,,,4096,
440,1773568,SILENCE,,,,4096,
441,1777664,SILENCE,,,,4096,
442,1781760,SILENCE,,,,4096,
443,1785856,SILENCE,,,,4096,
444,1789952,SILENCE,,,,4096,
445,1794048,SILENCE,,,,4096,
446,1798144,SILENCE,,,,4096,
447,1802240,SILENCE,,,,4096,
448,1806336,SILENCE,,,,4096,
450,1679360,SILENCE,,,,4096,
451,1683456,SILENCE,,,,4096,
452,1687552,SILENCE,,,,4096,
453,1691648,SILENCE,,,,4096,
454,1695744,SILENCE,,,,4096,
455,1699840,SILENCE,,,,4096,
456,1703936,SILENCE,,,,4096,
457,1708032,SILENCE,,,,4096,
458,1712128,SILENCE,,,,4096,
459,1716224,SILENCE,,,,4096,
460,1720320,SILENCE,,,,4096,
461,1724416,SILENCE,,,,4096,
462,1728512,SILENCE,,,,4096,
463,1732608,SILENCE,,,,4096,
464,1736704,SILENCE,,,,4096,
465,1740800,SILENCE,,,,4096,
467,1875968,SILENCE,,,,4096,
468,1880064,SILENCE,,,,4096,
469,1884160,SILENCE,,,,4096,
470,1888256,SILENCE,,,,4096,
471,1892352,SILENCE,,,,4096,
472,1896448,SILENCE,,,,4096,
473,1900544,SILENCE,,,,4096,
474,1904640,SILENCE,,,,4096,
475,1908736,SILENCE,,,,4096,
476,1912832,SILENCE,,,,4096,
477,1916928,SILENCE,,,,4096,
478,1921024,SILENCE,,,,4096,
479,1925120,SILENCE,,,,4096,
480,1929216,SILENCE,,,,4096,
481,1933312,SILENCE,,,,4096,
482,1937408,SILENCE,,,,4096,
484,1810432,SILENCE,,,,4096,
485,1814528,SILENCE,,,,4096,
486,1818624,SILENCE,,,,4096,
487,1822720,SILENCE,,,,4096,
488,1826816,SILENCE,,,,4096,
489,1830912,SILENCE,,,,4096,
490,1835008,SILENCE,,,,4096,
491,1839104,SILENCE,,,,4096,
492,1843200,SILENCE,,,,4096,
493,1847296,SILENCE,,,,4096,
494,1851392,SILENCE,,,,4096,
495,1855488,SILENCE,,,,4096,
496,1859584,SILENCE,,,,4096,
497,1863680,SILENCE,,,,4096,
498,1867776,SILENCE,,,,4096,
499,1871872,SILENCE,,,,4096,
501,2007040,SILENCE,,,,4096,
502,2011136,SILENCE,,,,4096,
503,2015232,SILENCE,,,,4096,
504,2019328,SILENCE,,,,4096,
505,2023424,SILENCE,,,,4096,
506,2027520,SILENCE,,,,4096,
507,2031616,SILENCE,,,,4096,
508,2035712,SILENCE,,,,4096,
509,2039808,SILENCE,,,,4096,
510,2043904,SILENCE,,,,4096,
511,2048000,SILENCE,,,,4096,
512,2052096,SILENCE,,,,4096,
513,2056192,SILENCE,,,,4096,
514,2060288,SILENCE,,,,4096,
515,2064384,SILENCE,,,,4096,
516,2068480,SILENCE,,,,4096,
518,1941504,SILENCE,,,,4096,
519,1945600,SILENCE,,,,4096,
520,1949696,SILENCE,,,,4096,
521,1953792,SILENCE,,,,4096,
522,1957888,SILENCE,,,,4096,
523,1961984,SILENCE,,,,4096,
524,1966080,SILENCE,,,,4096,
525,1970176,SILENCE,,,,4096,
526,1974272,SILENCE,,,,4096,
527,1978368,SILENCE,,,,4096,
528,1982464,SILENCE,,,,4096,
529,1986560,SILENCE,,,,4096,
530,1990656,SILENCE,,,,4096,
531,1994752,SILENCE,,,,4096,
532,1998848,SILENCE,,,,4096,
533,2002944,SILENCE,,,,4096,
535,2138112,SILENCE,,,,4096,
536,2142208,SILENCE,,,,4096,
537,2146304,SILENCE,,,,4096,
538,2150400,SILENCE,,,,4096,
539,2154496,SILENCE,,,,4096,
540,2158592,SILENCE,,,,4096,
541,2162688,SILENCE,,,,4096,
542,2166784,SILENCE,,,,4096,
543,2170880,SILENCE,,,,4096,
544,2174976,SILENCE,,,,4096,
545,2179072,SILENCE,,,,4096,
546,2183168,SILENCE,,,,4096,
547,2187264,SILENCE,,,,4096,
548,2191360,SILENCE,,,,4096,
549,2195456,SILENCE,,,,4096,
550,2199552,SILENCE,,,,4096,
552,2072576,SILENCE,,,,4096,
553,2076672,SILENCE,,,,4096,
554,2080768,SILENCE,,,,4096,
555,2084864,SILENCE,,,,4096,
556,2088960,SILENCE,,,,4096,
557,2093056,SILENCE,,,,4096,
558,2097152,SILENCE,,,,4096,
559,2101248,SILENCE,,,,4096,
560,2105344,SILENCE,,,,4096,
561,2109440,SILENCE,,,,4096,
562,2113536,SILENCE,,,,4096,
563,2117632,SILENCE,,,,4096,
564,2121728,SILENCE,,,,4096,
565,2125824,SILENCE,,,,4096,
566,2129920,SILENCE,,,,4096,
567,2134016,SILENCE,,,,4096,
569,2269184,SILENCE,,,,4096,
570,2273280,SILENCE,,,,4096,
571,2277376,SILENCE,,,,4096,
572,2281472,SILENCE,,,,4096,
573,2285568,SILENCE,,,,4096,
574,2289664,SILENCE,,,,4096,
575,2293760,SILENCE,,,,4096,
576,2297856,SILENCE,,,,4096,
577,2301952,SILENCE,,,,4096,
578,2306048,SILENCE,,,,4096,
579,2310144,SILENCE,,,,4096,
580,2314240,SILENCE,,,,4096,
581,2318336,SILENCE,,,,4096,
582,2322432,SILENCE,,,,4096,
583,2326528,SILENCE,,,,4096,
584,2330624,SILENCE,,,,4096,
586,2203648,SILENCE,,,,4096,
587,2207744,SILENCE,,,,4096,
588,2211840,SILENCE,,,,4096,
589,2215936,SILENCE,,,,4096,
590,2220032,SILENCE,,,,4096,
591,2224128,SILENCE,,,,4096,
592,2228224,SILENCE,,,,4096,
593,2232320,SILENCE,,,,4096,
594,2236416,SILENCE,,,,4096,
595,2240512,SILENCE,,,,4096,
596,2244608,SILENCE,,,,4096,
597,2248704,SILENCE,,,,4096,
598,2252800,SILENCE,,,,4096,
599,2256896,SILENCE,,,,4096,
600,2260992,SILENCE,,,,4096,
601,2265088,SILENCE,,,,4096,
603,2400256,SILENCE,,,,4096,
604,2404352,SILENCE,,,,4096,
605,2408448,SILENCE,,,,4096,
606,2412544,SILENCE,,,,4096,
607,2416640,SILENCE,,,,4096,
608,2420736,SILENCE,,,,4096,
609,2424832,SILENCE,,,,4096,
610,2428928,SILENCE,,,,4096,
611,2433024,SILENCE,,,,4096,
612,2437120,SILENCE,,,,4096,
613,2441216,SILENCE,,,,4096,
614,2445312,SILENCE,,,,4096,
615,2449408,SILENCE,,,,4096,
616,2453504,SILENCE,,,,4096,
617,2457600,SILENCE,,,,4096,
618,2461696,SILENCE,,,,4096,
620,2334720,SILENCE,,,,4096,
621,2338816,SILENCE,,,,4096,
622,2342912,SILENCE,,,,4096,
623,2347008,SILENCE,,,,4096,
624,2351104,SILENCE,,,,4096,
625,2355200,SILENCE,,,,4096,
626,2359296,SILENCE,,,,4096,
627,2363392,SILENCE,,,,4096,
628,2367488,SILENCE,,,,4096,
629,2371584,SILENCE,,,,4096,
630,2375680,SILENCE,,,,4096,
631,2379776,SILENCE,,,,4096,
632,2383872,SILENCE,,,,4096,
633,2387968,SILENCE,,,,4096,
634,2392064,SILENCE,,,,4096,
635,2396160,SILENCE,,,,4096,
637,2531328,SILENCE,,,,4096,
638,2535424,SILENCE,,,,4096,
639,2539520,SILENCE,,,,4096,
640,2543616,SILENCE,,,,4096,
641,2547712,SILENCE,,,,4096,
642,2551808,SILENCE,,,,4096,
643,2555904,SILENCE,,,,4096,
644,2560000,SILENCE,,,,4096,
645,2564096,SILENCE,,,,4096,
646,2568192,SILENCE,,,,4096,
647,2572288,SILENCE,,,,4096,
648,2576384,SILENCE,,,,4096,
649,2580480,SILENCE,,,,4096,
650,2584576,SILENCE,,,,4096,
651,2588672,SILENCE,,,,4096,
652,2592768,SILENCE,,,,4096,
654,2465792,SILENCE,,,,4096,
655,2469888,SILENCE,,,,4096,
656,2473984,SILENCE,,,,4096,
657,2478080,SILENCE,,,,4096,
658,2482176,SILENCE,,,,4096,
659,2486272,SILENCE,,,,4096,
660,2490368,SILENCE,,,,4096,
661,2494464,SILENCE,,,,4096,
662,2498560,SILENCE,,,,4096,
663,2502656,SILENCE,,,,4096,
664,2506752,SILENCE,,,,4096,
665,2510848,SILENCE,,,,4096,
666,2514944,SILENCE,,,,4096,
667,2519040,SILENCE,,,,4096,
668,2523136,SILENCE,,,,4096,
669,2527232,SILENCE,,,,4096,
671,2662400,SILENCE,,,,4096,
672,2666496,SILENCE,,,,4096,
673,2670592,SILENCE,,,,4096,
674,2674688,SILENCE,,,,4096,
675,2678784,SILENCE,,,,4096,
676,2682880,SILENCE,,,,4096,
677,2686976,SILENCE,,,,4096,
678,2691072,SILENCE,,,,4096,
679,2695168,SILENCE,,,,4096,
680,2699264,SILENCE,,,,4096,
681,2703360,SILENCE,,,,4096,
682,2707456,SILENCE,,,,4096,
683,2711552,SILENCE,,,,4096,
684,2715648,SILENCE,,,,4096,
685,2719744,SILENCE,,,,4096,
686,2723840,SILENCE,,,,4096,
688,2596864,SILENCE,,,,4096,
689,2600960,SILENCE,,,,4096,
690,2605056,SILENCE,,,,4096,
691,2609152,SILENCE,,,,4096,
692,2613248,SILENCE,,,,4096,
693,2617344,SILENCE,,,,4096,
694,2621440,SILENCE,,,,4096,
695,2625536,SILENCE,,,,4096,
696,2629632,SILENCE,,,,4096,
697,2633728,SILENCE,,,,4096,
698,2637824,SILENCE,,,,4096,
699,2641920,SILENCE,,,,4096,
700,2646016,SILENCE,,,,4096,
701,2650112,SILENCE,,,,4096,
702,2654208,SILENCE,,,,4096,
703,2658304,SILENCE,,,,4096,
705,2793472,SILENCE,,,,4096,
706,2797568,SILENCE,,,,4096,
707,2801664,SILENCE,,,,4096,
708,2805760,SILENCE,,,,4096,
709,2809856,SILENCE,,,,4096,
710,2813952,SILENCE,,,,4096,
711,2818048,SILENCE,,,,4096,
712,2822144,SILENCE,,,,4096,
713,2826240,SILENCE,,,,4096,
714,2830336,SILENCE,,,,4096,
715,2834432,SILENCE,,,,4096,
716,2838528,SILENCE,,,,4096,
717,2842624,SILENCE,,,,4096,
718,2846720,SILENCE,,,,4096,
719,2850816,SILENCE,,,,4096,
720,2854912,SILENCE,,,,4096,
722,2727936,SILENCE,,,,4096,
723,2732032,SILENCE,,,,4096,
724,2736128,SILENCE,,,,4096,
725,2740224,SILENCE,,,,4096,
726,2744320,SILENCE,,,,4096,
727,2748416,SILENCE,,,,4096,
728,2752512,SILENCE,,,,4096,
729,2756608,SILENCE,,,,4096,
730,2760704,SILENCE,,,,4096,
731,2764800,SILENCE,,,,4096,
732,2768896,SILENCE,,,,4096,
733,2772992,SILENCE,,,,4096,
734,2777088,SILENCE,,,,4096,
735,2781184,SILENCE,,,,4096,
736,2785280,SILENCE,,,,4096,
737,2789376,SILENCE,,,,4096,
739,2924544,SILENCE,,,,4096,
740,2928640,SILENCE,,,,4096,
741,2932736,SILENCE,,,,4096,
742,2936832,SILENCE,,,,4096,
743,2940928,SILENCE,,,,4096,
744,2945024,SILENCE,,,,4096,
745,2949120,SILENCE,,,,4096,
746,2953216,SILENCE,,,,4096,
747,2957312,SILENCE,,,,4096,
748,2961408,SILENCE,,,,4096,
749,2965504,SILENCE,,,,4096,
750,2969600,SILENCE,,,,4096,
751,2973696,SILENCE,,,,4096,
753,2859008,SILENCE,,,,4096,
754,2863104,SILENCE,,,,4096,
755,2867200,SILENCE,,,,4096,
756,2871296,SILENCE,,,,4096,
757,2875392,SILENCE,,,,4096,
758,2879488,SILENCE,,,,4096,
759,2883584,SILENCE,,,,4096,
760,2887680,SILENCE,,,,4096,
761,2891776,SILENCE,,,,4096,
762,2895872,SILENCE,,,,4096,
763,2899968,SILENCE,,,,4096,
764,2904064,SILENCE,,,,4096,
765,2908160,SILENCE,,,,4096,
766,2912256,SILENCE,,,,4096,
767,2916352,SILENCE,,,,4096,
768,2920448,SILENCE,,,,4096,
770,3186688,SILENCE,,,,4096,
771,3190784,SILENCE,,,,4096,
772,3194880,SILENCE,,,,4096,
773,3198976,SILENCE,,,,4096,
774,3203072,SILENCE,,,,4096,
775,3207168,SILENCE,,,,4096,
776,3211264,SILENCE,,,,4096,
777,3215360,SILENCE,,,,4096,
778,3219456,SILENCE,,,,4096,
779,3223552,SILENCE,,,,4096,
780,3227648,SILENCE,,,,4096,
781,3231744,SILENCE,,,,4096,
782,3235840,SILENCE,,,,4096,
783,3239936,SILENCE,,,,4096,
784,3244032,SILENCE,,,,4096,
785,3248128,SILENCE,,,,4096,
786,3252224,SILENCE,,,,4096,
787,3256320,SILENCE,,,,4096,
788,3260416,SILENCE,,,,4096,
789,3264512,SILENCE,,,,4096,
790,3268608,SILENCE,,,,4096,
791,3272704,SILENCE,,,,4096,
792,3276800,SILENCE,,,,4096,
793,3280896,SILENCE,,,,4096,
794,3284992,SILENCE,,,,4096,
795,3289088,SILENCE,,,,4096,
796,3293184,SILENCE,,,,4096,
797,3297280,SILENCE,,,,4096,
798,3301376,SILENCE,,,,4096,
799,3305472,SILENCE,,,,4096,
800,3309568,SILENCE,,,,4096,
801,3313664,SILENCE,,,,4096,
802,3317760,SILENCE,,,,4096,
803,3321856,SILENCE,,,,4096,
804,3325952,SILENCE,,,,4096,
805,3330048,SILENCE,,,,4096,
806,3334144,SILENCE,,,,4096,
807,3338240,SILENCE,,,,4096,
808,3342336,SILENCE,,,,4096,
809,3346432,SILENCE,,,,4096,
810,3350528,SILENCE,,,,4096,
811,3354624,SILENCE,,,,4096,
812,3358720,SILENCE,,,,4096,
813,3362816,SILENCE,,,,4096,
814,3366912,SILENCE,,,,4096,
815,3371008,SILENCE,,,,4096,
816,3375104,SILENCE,,,,4096,
817,3379200,SILENCE,,,,4096,
818,3383296,SILENCE,,,,4096,
819,3387392,SILENCE,,,,4096,
820,3391488,SILENCE,,,,4096,
821,3395584,SILENCE,,,,4096,
822,3399680,SILENCE,,,,4096,
823,3403776,SILENCE,,,,4096,
824,3407872,SILENCE,,,,4096,
825,3411968,SILENCE,,,,4096,
826,3416064,SILENCE,,,,4096,
827,3420160,SILENCE,,,,4096,
828,3424256,SILENCE,,,,4096,
829,3428352,SILENCE,,,,4096,
830,3432448,SILENCE,,,,4096,
831,3436544,SILENCE,,,,4096,
832,3440640,SILENCE,,,,4096,
833,3444736,SILENCE,,,,4096,
834,3448832,SILENCE,,,,4096,
835,3452928,SILENCE,,,,4096,
836,3457024,SILENCE,,,,4096,
837,3461120,SILENCE,,,,4096,
838,3465216,SILENCE,,,,4096,
839,3469312,SILENCE,,,,4096,
840,3473408,SILENCE,,,,4096,
841,3477504,SILENCE,,,,4096,
842,3481600,SILENCE,,,,4096,
843,3485696,SILENCE,,,,4096,
844,3489792,SILENCE,,,,4096,
845,3493888,SILENCE,,,,4096,
846,3497984,SILENCE,,,,4096,
847,3502080,SILENCE,,,,4096,
848,3506176,SILENCE,,,,4096,
849,3510272,SILENCE,,,,4096,
850,3514368,SILENCE,,,,4096,
851,3518464,SILENCE,,,,4096,
852,3522560,SILENCE,,,,4096,
853,3526656,SILENCE,,,,4096,
854,3530752,SILENCE,,,,4096,
855,3534848,SILENCE,,,,4096,
856,3538944,SILENCE,,,,4096,
857,3543040,SILENCE,,,,4096,
858,3547136,SILENCE,,,,4096,
859,3551232,SILENCE,,,,4096,
860,3555328,SILENCE,,,,4096,
861,3559424,SILENCE,,,,4096,
862,3563520,SILENCE,,,,4096,
863,3567616,SILENCE,,,,4096,
864,3571712,SILENCE,,,,4096,
865,3575808,SILENCE,,,,4096,
866,3579904,SILENCE,,,,4096,
867,3584000,SILENCE,,,,4096,
868,3588096,SILENCE,,,,4096,
869,3592192,SILENCE,,,,4096,
870,3596288,SILENCE,,,,4096,
871,3600384,SILENCE,,,,4096,
872,3604480,SILENCE,,,,4096,
873,3608576,SILENCE,,,,4096,
874,3612672,SILENCE,,,,4096,
875,3616768,SILENCE,,,,4096,
876,3620864,SILENCE,,,,4096,
877,3624960,SILENCE,,,,4096,
878,3629056,SILENCE,,,,4096,
879,3633152,SILENCE,,,,4096,
880,3637248,SILENCE,,,,4096,
881,3641344,SILENCE,,,,4096,
882,3645440,SILENCE,,,,4096,
883,3649536,SILENCE,,,,4096,
884,3653632,SILENCE,,,,4096,
885,3657728,SILENCE,,,,4096,
886,3661824,SILENCE,,,,4096,
887,3665920,SILENCE,,,,4096,
888,3670016,SILENCE,,,,4096,
889,3674112,SILENCE,,,,4096,
890,3678208,SILENCE,,,,4096,
891,3682304,SILENCE,,,,4096,
892,3686400,SILENCE,,,,4096,
893,3690496,SILENCE,,,,4096,
894,3694592,SILENCE,,,,4096,
895,3698688,SILENCE,,,,4096,
896,3702784,SILENCE,,,,4096,
897,3706880,SILENCE,,,,4096,
898,3710976,SILENCE,,,,4096,
899,3715072,SILENCE,,,,4096,
900,3719168,SILENCE,,,,4096,
901,3723264,SILENCE,,,,4096,
902,3727360,SILENCE,,,,4096,
903,3731456,SILENCE,,,,4096,
904,3735552,SILENCE,,,,4096,
905,3739648,SILENCE,,,,4096,
906,3743744,SILENCE,,,,4096,
907,3747840,SILENCE,,,,4096,
908,3751936,SILENCE,,,,4096,
909,3756032,SILENCE,,,,4096,
910,3760128,SILENCE,,,,4096,
911,3764224,SILENCE,,,,4096,
912,3768320,SILENCE,,,,4096,
913,3772416,SILENCE,,,,4096,
914,3776512,SILENCE,,,,4096,
915,3780608,SILENCE,,,,4096,
916,3784704,SILENCE,,,,4096,
917,3788800,SILENCE,,,,4096,
918,3792896,SILENCE,,,,4096,
919,3796992,SILENCE,,,,4096,
920,3801088,SILENCE,,,,4096,
921,3805184,SILENCE,,,,4096,
922,3809280,SILENCE,,,,4096,
923,3813376,SILENCE,,,,4096,
924,3817472,SILENCE,,,,4096,
925,3821568,SILENCE,,,,4096,
926,3825664,SILENCE,,,,4096,
927,3829760,SILENCE,,,,4096,
928,3833856,SILENCE,,,,4096,
929,3837952,SILENCE,,,,4096,
930,3842048,SILENCE,,,,4096,
931,3846144,SILENCE,,,,4096,
932,3850240,SILENCE,,,,4096,
933,3854336,SILENCE,,,,4096,
934,3858432,SILENCE,,,,4096,
935,3862528,SILENCE,,,,4096,
936,3866624,SILENCE,,,,4096,
937,3870720,SILENCE,,,,4096,
938,3874816,SILENCE,,,,4096,
939,3878912,SILENCE,,,,4096,
940,3883008,SILENCE,,,,4096,
941,3887104,SILENCE,,,,4096,
942,3891200,SILENCE,,,,4096,
943,3895296,SILENCE,,,,4096,
944,3899392,SILENCE,,,,4096,
945,3903488,SILENCE,,,,4096,
946,3907584,SILENCE,,,,4096,
947,3911680,SILENCE,,,,4096,
948,3915776,SILENCE,,,,4096,
949,3919872,SILENCE,,,,4096,
950,3923968,SILENCE,,,,4096,
951,3928064,SILENCE,,,,4096,
952,3932160,SILENCE,,,,4096,
953,3936256,SILENCE,,,,4096,
954,3940352,SILENCE,,,,4096,
955,3944448,SILENCE,,,,4096,
956,3948544,SILENCE,,,,4096,
957,3952640,SILENCE,,,,4096,
958,3956736,SILENCE,,,,4096,
959,3960832,SILENCE,,,,4096,
960,3964928,SILENCE,,,,4096,
961,3969024,SILENCE,,,,4096,
962,3973120,SILENCE,,,,4096,
963,3977216,SILENCE,,,,4096,
964,3981312,SILENCE,,,,4096,
965,3985408,SILENCE,,,,4096,
966,3989504,SILENCE,,,,4096,
967,3993600,SILENCE,,,,4096,
968,3997696,SILENCE,,,,4096,
969,4001792,SILENCE,,,,4096,
970,4005888,SILENCE,,,,4096,
971,4009984,SILENCE,,,,4096,
972,4014080,SILENCE,,,,4096,
973,4018176,SILENCE,,,,4096,
974,4022272,SILENCE,,,,4096,
975,4026368,SILENCE,,,,4096,
976,4030464,SILENCE,,,,4096,
977,4034560,SILENCE,,,,4096,
978,4038656,SILENCE,,,,4096,
979,4042752,SILENCE,,,,4096,
980,4046848,SILENCE,,,,4096,
981,4050944,SILENCE,,,,4096,
982,4055040,SILENCE,,,,4096,
983,4059136,SILENCE,,,,4096,
984,4063232,SILENCE,,,,4096,
985,4067328,SILENCE,,,,4096,
986,4071424,SILENCE,,,,4096,
987,4075520,SILENCE,,,,4096,
988,4079616,SILENCE,,,,4096,
989,4083712,SILENCE,,,,4096,
990,4087808,SILENCE,,,,4096,
991,4091904,SILENCE,,,,4096,
992,4096000,SILENCE,,,,4096,
993,4100096,SILENCE,,,,4096,
994,4104192,SILENCE,,,,4096,
995,4108288,SILENCE,,,,4096,
996,4112384,SILENCE,,,,4096,
997,4116480,SILENCE,,,,4096,
998,4120576,SILENCE,,,,4096,
999,4124672,SILENCE,,,,4096,
1000,4128768,SILENCE,,,,4096,
1001,4132864,SILENCE,,,,4096,
1002,4136960,SILENCE,,,,4096,
1003,4141056,SILENCE,,,,4096,
1004,4145152,SILENCE,,,,4096,
1005,4149248,SILENCE,,,,4096,
1006,4153344,SILENCE,,,,4096,
1007,4157440,SILENCE,,,,4096,
1008,4161536,SILENCE,,,,4096,
1009,4165632,SILENCE,,,,4096,
1010,4169728,SILENCE,,,,4096,
1011,4173824,SILENCE,,,,4096,
1012,4177920,SILENCE,,,,4096,
1013,4182016,SILENCE,,,,4096,
1014,4186112,SILENCE,,,,4096,
1015,4190208,SILENCE,,,,4096,
1016,4194304,SILENCE,,,,4096,
1017,4198400,SILENCE,,,,4096,
1018,4202496,SILENCE,,,,4096,
1019,4206592,SILENCE,,,,4096,
1020,4210688,SILENCE,,,,4096,
1021,4214784,SILENCE,,,,4096,
1022,4218880,SILENCE,,,,4096,
1023,4222976,SILENCE,,,,4096,
1024,4227072,SILENCE,,,,4096,
1025,4231168,SILENCE,,,,4096,
1026,4235264,SILENCE,,,,4096,
1027,4239360,SILENCE,,,,4096,
1028,4243456,SILENCE,,,,4096,
1029,4247552,SILENCE,,,,4096,
1030,4251648,SILENCE,,,,4096,
1031,4255744,SILENCE,,,,4096,
1032,4259840,SILENCE,,,,4096,
1033,4263936,SILENCE,,,,4096,
1034,4268032,SILENCE,,,,4096,
1035,4272128,SILENCE,,,,4096,
1036,4276224,SILENCE,,,,4096,
1037,4280320,SILENCE,,,,4096,
1038,4284416,SILENCE,,,,4096,
1039,4288512,SILENCE,,,,4096,
1040,4292608,SILENCE,,,,4096,
1041,4296704,SILENCE,,,,4096,
1042,4300800,SILENCE,,,,4096,
1043,4304896,SILENCE,,,,4096,
1044,4308992,SILENCE,,,,4096,
1045,4313088,SILENCE,,,,4096,
1046,4317184,SILENCE,,,,4096,
1047,4321280,SILENCE,,,,4096,
1048,4325376,SILENCE,,,,4096,
1049,4329472,SILENCE,,,,4096,
1050,4333568,SILENCE,,,,4096,
1051,4337664,SILENCE,,,,4096,
1052,4341760,SILENCE,,,,4096,
1053,4345856,SILENCE,,,,4096,
1054,4349952,SILENCE,,,,4096,
1055,4354048,SILENCE,,,,4096,
1056,4358144,SILENCE,,,,4096,
1057,4362240,SILENCE,,,,4096,
1058,4366336,SILENCE,,,,4096,
1059,4370432,SILENCE,,,,4096,
1060,4374528,SILENCE,,,,4096,
1061,4378624,SILENCE,,,,4096,
1062,4382720,SILENCE,,,,4096,
1063,4386816,SILENCE,,,,4096,
1064,4390912,SILENCE,,,,4096,
1065,4395008,SILENCE,,,,4096,
1066,4399104,SILENCE,,,,4096,
1067,4403200,SILENCE,,,,4096,
1068,4407296,SILENCE,,,,4096,
1069,4411392,SILENCE,,,,4096,
1070,4415488,SILENCE,,,,4096,
1071,4419584,SILENCE,,,,4096,
1072,4423680,SILENCE,,,,4096,
1073,4427776,SILENCE,,,,4096,
1074,4431872,SILENCE,,,,4096,
1075,4435968,SILENCE,,,,4096,
1076,4440064,SILENCE,,,,4096,
1077,4444160,SILENCE,,,,4096,
1078,4448256,SILENCE,,,,4096,
1079,4452352,SILENCE,,,,4096,
1080,4456448,SILENCE,,,,4096,
1081,4460544,SILENCE,,,,4096,
1082,4464640,SILENCE,,,,4096,
1083,4468736,SILENCE,,,,4096,
1084,4472832,SILENCE,,,,4096,
1085,4476928,SILENCE,,,,4096,
1086,4481024,SILENCE,,,,4096,
1087,4485120,SILENCE,,,,4096,
1088,4489216,SILENCE,,,,4096,
1089,4493312,SILENCE,,,,4096,
1090,4497408,SILENCE,,,,4096,
1091,4501504,SILENCE,,,,4096,
1092,4505600,SILENCE,,,,4096,
1093,4509696,SILENCE,,,,4096,
1094,4513792,SILENCE,,,,4096,
1095,4517888,SILENCE,,,,4096,
1096,4521984,SILENCE,,,,4096,
1097,4526080,SILENCE,,,,4096,
1098,4530176,SILENCE,,,,4096,
1099,4534272,SILENCE,,,,4096,
1100,4538368,SILENCE,,,,4096,
1101,4542464,SILENCE,,,,4096,
1102,4546560,SILENCE,,,,4096,
1103,4550656,SILENCE,,,,4096,
1104,4554752,SILENCE,,,,4096,
1105,4558848,SILENCE,,,,4096,
1106,4562944,SILENCE,,,,4096,
1107,4567040,SILENCE,,,,4096,
1108,4571136,SILENCE,,,,4096,
1109,4575232,SILENCE,,,,4096,
1110,4579328,SILENCE,,,,4096,
1111,4583424,SILENCE,,,,4096,
1112,4587520,SILENCE,,,,4096,
1113,4591616,SILENCE,,,,4096,
1114,4595712,SILENCE,,,,4096,
1115,4599808,SILENCE,,,,4096,
1116,4603904,SILENCE,,,,4096,
1117,4608000,SILENCE,,,,4096,
1118,4612096,SILENCE,,,,4096,
1119,4616192,SILENCE,,,,4096,
1120,4620288,SILENCE,,,,4096,
1121,4624384,SILENCE,,,,4096,
1122,4628480,SILENCE,,,,4096,
1123,4632576,SILENCE,,,,4096,
1124,4636672,SILENCE,,,,4096,
1125,4640768,SILENCE,,,,4096,
1126,4644864,SILENCE,,,,4096,
1127,4648960,SILENCE,,,,4096,
1128,4653056,SILENCE,,,,4096,
1129,4657152,SILENCE,,,,4096,
1130,4661248,SILENCE,,,,4096,
1131,4665344,SILENCE,,,,4096,
1132,4669440,SILENCE,,,,4096,
1133,4673536,SILENCE,,,,4096,
1134,4677632,SILENCE,,,,4096,
1135,4681728,SILENCE,,,,4096,
1136,4685824,SILENCE,,,,4096,
1137,4689920,SILENCE,,,,4096,
1138,4694016,SILENCE,,,,4096,
1139,4698112,SILENCE,,,,4096,
1140,4702208,SILENCE,,,,4096,
1141,4706304,SILENCE,,,,4096,
1142,4710400,SILENCE,,,,4096,
1143,4714496,SILENCE,,,,4096,
1144,4718592,SILENCE,,,,4096,
1145,4722688,SILENCE,,,,4096,
1146,4726784,SILENCE,,,,4096,
1147,4730880,SILENCE,,,,4096,
1148,4734976,SILENCE,,,,4096,
1149,4739072,SILENCE,,,,4096,
1150,4743168,SILENCE,,,,4096,
1151,4747264,SILENCE,,,,4096,
1152,4751360,SILENCE,,,,4096,
1153,4755456,SILENCE,,,,4096,
1154,4759552,SILENCE,,,,4096,
1155,4763648,SILENCE,,,,4096,
1156,4767744,SILENCE,,,,4096,
1157,4771840,SILENCE,,,,4096,
1158,4775936,SILENCE,,,,4096,
1159,4780032,SILENCE,,,,4096,
1160,4784128,SILENCE,,,,4096,
1161,4788224,SILENCE,,,,4096,
1162,4792320,SILENCE,,,,4096,
1163,4796416,SILENCE,,,,4096,
1164,4800512,SILENCE,,,,4096,
1165,4804608,SILENCE,,,,4096,
1166,4808704,SILENCE,,,,4096,
1167,4812800,SILENCE,,,,4096,
1168,4816896,SILENCE,,,,4096,
1169,4820992,SILENCE,,,,4096,
1170,4825088,SILENCE,,,,4096,
1171,4829184,SILENCE,,,,4096,
1172,4833280,SILENCE,,,,4096,
1173,4837376,SILENCE,,,,4096,
1174,4841472,SILENCE,,,,4096,
1175,4845568,SILENCE,,,,4096,
1176,4849664,SILENCE,,,,4096,
1177,4853760,SILENCE,,,,4096,
1178,4857856,SILENCE,,,,4096,
1179,4861952,SILENCE,,,,4096,
1180,4866048,SILENCE,,,,4096,
1181,4870144,SILENCE,,,,4096,
1182,4874240,SILENCE,,,,4096,
1183,4878336,SILENCE,,,,4096,
1184,4882432,SILENCE,,,,4096,
1185,4886528,SILENCE,,,,4096,
1186,4890624,SILENCE,,,,4096,
1187,4894720,SILENCE,,,,4096,
1188,4898816,SILENCE,,,,4096,
1189,4902912,SILENCE,,,,4096,
1190,4907008,SILENCE,,,,4096,
1191,4911104,SILENCE,,,,4096,
1192,4915200,SILENCE,,,,4096,
1193,4919296,SILENCE,,,,4096,
1194,4923392,SILENCE,,,,4096,
1195,4927488,SILENCE,,,,4096,
1196,4931584,SILENCE,,,,4096,
1197,4935680,SILENCE,,,,4096,
1198,4939776,SILENCE,,,,4096,
1199,4943872,SILENCE,,,,4096,
1200,4947968,SILENCE,,,,4096,
1201,4952064,SILENCE,,,,4096,
1202,4956160,SILENCE,,,,4096,
1203,4960256,SILENCE,,,,4096,
1204,4964352,SILENCE,,,,4096,
1205,4968448,SILENCE,,,,4096,
1206,4972544,SILENCE,,,,4096,
1207,4976640,SILENCE,,,,4096,
1208,4980736,SILENCE,,,,4096,
1209,4984832,SILENCE,,,,4096,
1210,4988928,SILENCE,,,,4096,
1211,4993024,SILENCE,,,,4096,
1212,4997120,SILENCE,,,,4096,
1213,5001216,SILENCE,,,,4096,
1214,5005312,SILENCE,,,,4096,
1215,5009408,SILENCE,,,,4096,
1216,5013504,SILENCE,,,,4096,
1217,5017600,SILENCE,,,,4096,
1218,5021696,SILENCE,,,,4096,
1219,5025792,SILENCE,,,,4096,
1220,5029888,SILENCE,,,,4096,
1221,5033984,SILENCE,,,,4096,
1222,5038080,SILENCE,,,,4096,
1223,5042176,SILENCE,,,,4096,
1224,5046272,SILENCE,,,,4096,
1225,5050368,SILENCE,,,,4096,
1226,5054464,SILENCE,,,,4096,
1227,5058560,SILENCE,,,,4096,
1228,5062656,SILENCE,,,,4096,
1229,5066752,SILENCE,,,,4096,
1230,5070848,SILENCE,,,,4096,
1231,5074944,SILENCE,,,,4096,
1232,5079040,SILENCE,,,,4096,
1233,5083136,SILENCE,,,,4096,
1234,5087232,SILENCE,,,,4096,
1235,5091328,SILENCE,,,,4096,
1236,5095424,SILENCE,,,,4096,
1237,5099520,SILENCE,,,,4096,
1238,5103616,SILENCE,,,,4096,
1239,5107712,SILENCE,,,,4096,
1240,5111808,SILENCE,,,,4096,
1241,5115904,SILENCE,,,,4096,
1242,5120000,SILENCE,,,,4096,
1243,5124096,SILENCE,,,,4096,
1244,5128192,SILENCE,,,,4096,
1245,5132288,SILENCE,,,,4096,
1246,5136384,SILENCE,,,,4096,
1247,5140480,SILENCE,,,,4096,
1248,5144576,SILENCE,,,,4096,
1249,5148672,SILENCE,,,,4096,
1250,5152768,SILENCE,,,,4096,
1251,5156864,SILENCE,,,,4096,
1252,5160960,SILENCE,,,,4096,
1253,5165056,SILENCE,,,,4096,
1254,5169152,SILENCE,,,,4096,
1255,5173248,SILENCE,,,,4096,
1256,5177344,SILENCE,,,,4096,
1257,5181440,SILENCE,,,,4096,
1258,5185536,SILENCE,,,,4096,
1259,5189632,SILENCE,,,,4096,
1260,5193728,SILENCE,,,,4096,
1261,5197824,SILENCE,,,,4096,
1262,5201920,SILENCE,,,,4096,
1263,5206016,SILENCE,,,,4096,
1264,5210112,SILENCE,,,,4096,
1265,5214208,SILENCE,,,,4096,
1266,5218304,SILENCE,,,,4096,
1267,5222400,SILENCE,,,,4096,
1268,5226496,SILENCE,,,,4096,
1269,5230592,SILENCE,,,,4096,
1270,5234688,SILENCE,,,,4096,
1271,5238784,SILENCE,,,,4096,
1272,5242880,SILENCE,,,,4096,
1273,5246976,SILENCE,,,,4096,
1274,5251072,SILENCE,,,,4096,
1275,5255168,SILENCE,,,,4096,
1276,5259264,SILENCE,,,,4096,
1277,5263360,SILENCE,,,,4096,
1278,5267456,SILENCE,,,,4096,
1279,5271552,SILENCE,,,,4096,
1280,5275648,SILENCE,,,,4096,
1281,5279744,SILENCE,,,,4096,
1282,5283840,SILENCE,,,,4096,
1283,5287936,SILENCE,,,,4096,
1284,5292032,SILENCE,,,,4096,
1285,5296128,SILENCE,,,,4096,
1286,5300224,SILENCE,,,,4096,
1287,5304320,SILENCE,,,,4096,
1288,5308416,SILENCE,,,,4096,
1289,5312512,SILENCE,,,,4096,
1290,5316608,SILENCE,,,,4096,
1291,5320704,SILENCE,,,,4096,
1292,5324800,SILENCE,,,,4096,
1293,5328896,SILENCE,,,,4096,
1294,5332992,SILENCE,,,,4096,
1295,5337088,SILENCE,,,,4096,
1296,5341184,SILENCE,,,,4096,
1297,5345280,SILENCE,,,,4096,
1298,5349376,SILENCE,,,,4096,
1299,5353472,SILENCE,,,,4096,
1300,5357568,SILENCE,,,,4096,
1301,5361664,SILENCE,,,,4096,
1302,5365760,SILENCE,,,,4096,
1303,5369856,SILENCE,,,,4096,
1304,5373952,SILENCE,,,,4096,
1305,5378048,SILENCE,,,,4096,
1306,5382144,SILENCE,,,,4096,
1307,5386240,SILENCE,,,,4096,
1308,5390336,SILENCE,,,,4096,
1309,5394432,SILENCE,,,,4096,
1310,5398528,SILENCE,,,,4096,
1311,5402624,SILENCE,,,,4096,
1312,5406720,SILENCE,,,,4096,
1313,5410816,SILENCE,,,,4096,
1314,5414912,SILENCE,,,,4096,
1315,5419008,SILENCE,,,,4096,
1316,5423104,SILENCE,,,,4096,
1317,5427200,SILENCE,,,,4096,
1318,5431296,SILENCE,,,,4096,
1319,5435392,SILENCE,,,,4096,
1320,5439488,SILENCE,,,,4096,
1321,5443584,SILENCE,,,,4096,
1322,5447680,SILENCE,,,,4096,
1323,5451776,SILENCE,,,,4096,
1324,5455872,SILENCE,,,,4096,
1325,5459968,SILENCE,,,,4096,
1326,5464064,SILENCE,,,,4096,
1327,5468160,SILENCE,,,,4096,
1328,5472256,SILENCE,,,,4096,
1329,5476352,SILENCE,,,,4096,
1330,5480448,SILENCE,,,,4096,
1331,5484544,SILENCE,,,,4096,
1332,5488640,SILENCE,,,,4096,
1333,5492736,SILENCE,,,,4096,
1334,5496832,SILENCE,,,,4096,
1335,5500928,SILENCE,,,,4096,
1336,5505024,SILENCE,,,,4096,
1337,5509120,SILENCE,,,,4096,
1338,5513216,SILENCE,,,,4096,
1339,5517312,SILENCE,,,,4096,
1340,5521408,SILENCE,,,,4096,
1341,5525504,SILENCE,,,,4096,
1342,5529600,SILENCE,,,,4096,
1343,5533696,SILENCE,,,,4096,
1344,5537792,SILENCE,,,,4096,
1345,5541888,SILENCE,,,,4096,
1346,5545984,SILENCE,,,,4096,
1347,5550080,SILENCE,,,,4096,
1348,5554176,SILENCE,,,,4096,
1349,5558272,SILENCE,,,,4096,
1350,5562368,SILENCE,,,,4096,
1351,5566464,SILENCE,,,,4096,
1352,5570560,SILENCE,,,,4096,
1353,5574656,SILENCE,,,,4096,
1354,5578752,SILENCE,,,,4096,
1355,5582848,SILENCE,,,,4096,
1356,5586944,SILENCE,,,,4096,
1357,5591040,SILENCE,,,,4096,
1358,5595136,SILENCE,,,,4096,
1359,5599232,SILENCE,,,,4096,
1360,5603328,SILENCE,,,,4096,
1361,5607424,SILENCE,,,,4096,
1362,5611520,SILENCE,,,,4096,
1363,5615616,SILENCE,,,,4096,
1364,5619712,SILENCE,,,,4096,
1365,5623808,SILENCE,,,,4096,
1366,5627904,SILENCE,,,,4096,
1367,5632000,SILENCE,,,,4096,
1368,5636096,SILENCE,,,,4096,
1369,5640192,SILENCE,,,,4096,
1370,5644288,SILENCE,,,,4096,
1371,5648384,SILENCE,,,,4096,
1372,5652480,SILENCE,,,,4096,
1373,5656576,SILENCE,,,,4096,
1374,5660672,SILENCE,,,,4096,
1375,5664768,SILENCE,,,,4096,
1376,5668864,SILENCE,,,,4096,
1377,5672960,SILENCE,,,,4096,
1378,5677056,SILENCE,,,,4096,
1379,5681152,SILENCE,,,,4096,
1380,5685248,SILENCE,,,,4096,
1381,5689344,SILENCE,,,,4096,
1382,5693440,SILENCE,,,,4096,
1383,5697536,SILENCE,,,,4096,
1384,5701632,SILENCE,,,,4096,
1385,5705728,SILENCE,,,,4096,
1386,5709824,SILENCE,,,,4096,
1387,5713920,SILENCE,,,,4096,
1388,5718016,SILENCE,,,,4096,
1389,5722112,SILENCE,,,,4096,
1390,5726208,SILENCE,,,,4096,
1391,5730304,SILENCE,,,,4096,
1392,5734400,SILENCE,,,,4096,
1393,5738496,SILENCE,,,,4096,
1394,5742592,SILENCE,,,,4096,
1395,5746688,SILENCE,,,,4096,
1396,5750784,SILENCE,,,,4096,
1397,5754880,SILENCE,,,,4096,
1398,5758976,SILENCE,,,,4096,
1399,5763072,SILENCE,,,,4096,
1400,5767168,SILENCE,,,,4096,
1401,5771264,SILENCE,,,,4096,
1402,5775360,SILENCE,,,,4096,
1403,5779456,SILENCE,,,,4096,
1404,5783552,SILENCE,,,,4096,
1405,5787648,SILENCE,,,,4096,
1406,5791744,SILENCE,,,,4096,
1407,5795840,SILENCE,,,,4096,
1408,5799936,SILENCE,,,,4096,
1409,5804032,SILENCE,,,,4096,
1410,5808128,SILENCE,,,,4096,
1411,5812224,SILENCE,,,,4096,
1412,5816320,SILENCE,,,,4096,
1413,5820416,SILENCE,,,,4096,
1414,5824512,SILENCE,,,,4096,
1415,5828608,SILENCE,,,,4096,
1416,5832704,SILENCE,,,,4096,
1417,5836800,SILENCE,,,,4096,
1418,5840896,SILENCE,,,,4096,
1419,5844992,SILENCE,,,,4096,
1420,5849088,SILENCE,,,,4096,
1421,5853184,SILENCE,,,,4096,
1422,5857280,SILENCE,,,,4096,
1423,5861376,SILENCE,,,,4096,
1424,5865472,SILENCE,,,,4096,
1425,5869568,SILENCE,,,,4096,
1426,5873664,SILENCE,,,,4096,
1427,5877760,SILENCE,,,,4096,
1428,5881856,SILENCE,,,,4096,
1429,5885952,SILENCE,,,,4096,
1430,5890048,SILENCE,,,,4096,
1431,5894144,SILENCE,,,,4096,
1432,5898240,SILENCE,,,,4096,
1433,5902336,SILENCE,,,,4096,
1434,5906432,SILENCE,,,,4096,
1435,5910528,SILENCE,,,,4096,
1436,5914624,SILENCE,,,,4096,
1437,5918720,SILENCE,,,,4096,
1438,5922816,SILENCE,,,,4096,
1439,5926912,SILENCE,,,,4096,
1440,5931008,SILENCE,,,,4096,
1441,5935104,SILENCE,,,,4096,
1442,5939200,SILENCE,,,,4096,
1443,5943296,SILENCE,,,,4096,
1444,5947392,SILENCE,,,,4096,
1445,5951488,SILENCE,,,,4096,
1446,5955584,SILENCE,,,,4096,
1447,5959680,SILENCE,,,,4096,
1448,5963776,SILENCE,,,,4096,
1449,5967872,SILENCE,,,,4096,
1450,5971968,SILENCE,,,,4096,
1451,5976064,SILENCE,,,,4096,
1452,5980160,SILENCE,,,,4096,
1453,5984256,SILENCE,,,,4096,
1454,5988352,SILENCE,,,,4096,
1455,5992448,SILENCE,,,,4096,
1456,5996544,SILENCE,,,,4096,
1457,6000640,SILENCE,,,,4096,
1458,6004736,SILENCE,,,,4096,
1459,6008832,SILENCE,,,,4096,
1460,6012928,SILENCE,,,,4096,
1461,6017024,SILENCE,,,,4096,
1462,6021120,SILENCE,,,,4096,
1463,6025216,SILENCE,,,,4096,
1464,6029312,SILENCE,,,,4096,
1465,6033408,SILENCE,,,,4096,
1466,6037504,SILENCE,,,,4096,
1467,6041600,SILENCE,,,,4096,
1468,6045696,SILENCE,,,,4096,
1469,6049792,SILENCE,,,,4096,
1470,6053888,SILENCE,,,,4096,
1471,6057984,SILENCE,,,,4096,
1472,6062080,SILENCE,,,,4096,
1473,6066176,SILENCE,,,,4096,
1474,6070272,SILENCE,,,,4096,
1475,6074368,SILENCE,,,,4096,
1476,6078464,SILENCE,,,,4096,
1477,6082560,SILENCE,,,,4096,
1478,6086656,SILENCE,,,,4096,
1479,6090752,SILENCE,,,,4096,
1480,6094848,SILENCE,,,,4096,
1481,6098944,SILENCE,,,,4096,
1482,6103040,SILENCE,,,,4096,
1483,6107136,SILENCE,,,,4096,
1484,6111232,SILENCE,,,,4096,
1485,6115328,SILENCE,,,,4096,
1486,6119424,SILENCE,,,,4096,
1487,6123520,SILENCE,,,,4096,
1488,6127616,SILENCE,,,,4096,
1489,6131712,SILENCE,,,,4096,
1490,6135808,SILENCE,,,,4096,
1491,6139904,SILENCE,,,,4096,
1492,6144000,SILENCE,,,,4096,
1493,6148096,SILENCE,,,,4096,
1494,6152192,SILENCE,,,,4096,
1495,6156288,SILENCE,,,,4096,
1496,6160384,SILENCE,,,,4096,
1497,6164480,SILENCE,,,,4096,
1498,6168576,SILENCE,,,,4096,
1499,6172672,SILENCE,,,,4096,
1500,6176768,SILENCE,,,,4096,
1501,6180864,SILENCE,,,,4096,
1502,6184960,SILENCE,,,,4096,
1503,6189056,SILENCE,,,,4096,
1504,6193152,SILENCE,,,,4096,
1505,6197248,SILENCE,,,,4096,
1506,6201344,SILENCE,,,,4096,
1507,6205440,SILENCE,,,,4096,
1508,6209536,SILENCE,,,,4096,
1509,6213632,SILENCE,,,,4096,
1510,6217728,SILENCE,,,,4096,
1511,6221824,SILENCE,,,,4096,
1512,6225920,SILENCE,,,,4096,
1513,6230016,SILENCE,,,,4096,
1514,6234112,SILENCE,,,,4096,
1515,6238208,SILENCE,,,,4096,
1516,6242304,SILENCE,,,,4096,
1517,6246400,SILENCE,,,,4096,
1518,6250496,SILENCE,,,,4096,
1519,6254592,SILENCE,,,,4096,
1520,6258688,SILENCE,,,,4096,
1521,6262784,SILENCE,,,,4096,
1522,6266880,SILENCE,,,,4096,
1523,6270976,SILENCE,,,,4096,
1524,6275072,SILENCE,,,,4096,
1525,6279168,SILENCE,,,,4096,
1526,6283264,SILENCE,,,,4096,
1527,6287360,SILENCE,,,,4096,
1528,6291456,SILENCE,,,,4096,
1529,6295552,SILENCE,,,,4096,
1530,6299648,SILENCE,,,,4096,
1531,6303744,SILENCE,,,,4096,
1532,6307840,SILENCE,,,,4096,
1533,6311936,SILENCE,,,,4096,
1534,6316032,SILENCE,,,,4096,
1535,6320128,SILENCE,,,,4096,
1536,6324224,SILENCE,,,,4096,
1537,6328320,SILENCE,,,,4096,
1538,6332416,SILENCE,,,,4096,
1539,6336512,SILENCE,,,,4096,
1540,6340608,SILENCE,,,,4096,
1541,6344704,SILENCE,,,,4096,
1542,6348800,SILENCE,,,,4096,
1543,6352896,SILENCE,,,,4096,
1544,6356992,SILENCE,,,,4096,
1545,6361088,SILENCE,,,,4096,
1546,6365184,SILENCE,,,,4096,
1547,6369280,SILENCE,,,,4096,
1548,6373376,SILENCE,,,,4096,
1549,6377472,SILENCE,,,,4096,
1550,6381568,SILENCE,,,,4096,
1551,6385664,SILENCE,,,,4096,
1552,6389760,SILENCE,,,,4096,
1553,6393856,SILENCE,,,,4096,
1554,6397952,SILENCE,,,,4096,
1555,6402048,SILENCE,,,,4096,
1556,6406144,SILENCE,,,,4096,
1557,6410240,SILENCE,,,,4096,
1558,6414336,SILENCE,,,,4096,
1559,6418432,SILENCE,,,,4096,
1560,6422528,SILENCE,,,,4096,
1561,6426624,SILENCE,,,,4096,
1562,6430720,SILENCE,,,,4096,
1563,6434816,SILENCE,,,,4096,
1564,6438912,SILENCE,,,,4096,
1565,6443008,SILENCE,,,,4096,
1566,6447104,SILENCE,,,,4096,
1567,6451200,SILENCE,,,,4096,
1568,6455296,SILENCE,,,,4096,
1569,6459392,SILENCE,,,,4096,
1570,6463488,SILENCE,,,,4096,
1571,6467584,SILENCE,,,,4096,
1572,6471680,SILENCE,,,,4096,
1573,6475776,SILENCE,,,,4096,
1574,6479872,SILENCE,,,,4096,
1575,6483968,SILENCE,,,,4096,
1576,6488064,SILENCE,,,,4096,
1577,6492160,SILENCE,,,,4096,
1578,6496256,SILENCE,,,,4096,
1579,6500352,SILENCE,,,,4096,
1580,6504448,SILENCE,,,,4096,
1581,6508544,SILENCE,,,,4096,
1582,6512640,SILENCE,,,,4096,
1583,6516736,SILENCE,,,,4096,
1584,6520832,SILENCE,,,,4096,
1585,6524928,SILENCE,,,,4096,
1586,6529024,SILENCE,,,,4096,
1587,6533120,SILENCE,,,,4096,
1588,6537216,SILENCE,,,,4096,
1589,6541312,SILENCE,,,,4096,
1590,6545408,SILENCE,,,,4096,
1591,6549504,SILENCE,,,,4096,
1592,6553600,SILENCE,,,,4096,
1593,6557696,SILENCE,,,,4096,
1594,6561792,SILENCE,,,,4096,
1595,6565888,SILENCE,,,,4096,
1596,6569984,SILENCE,,,,4096,
1597,6574080,SILENCE,,,,4096,
1598,6578176,SILENCE,,,,4096,
1599,6582272,SILENCE,,,,4096,
1600,6586368,SILENCE,,,,4096,
1601,6590464,SILENCE,,,,4096,
1602,6594560,SILENCE,,,,4096,
1603,6598656,SILENCE,,,,4096,
1604,6602752,SILENCE,,,,4096,
1605,6606848,SILENCE,,,,4096,
1606,6610944,SILENCE,,,,4096,
1607,6615040,SILENCE,,,,4096,
1608,6619136,SILENCE,,,,4096,
1609,6623232,SILENCE,,,,4096,
1610,6627328,SILENCE,,,,4096,
1611,6631424,SILENCE,,,,4096,
1612,6635520,SILENCE,,,,4096,
1613,6639616,SILENCE,,,,4096,
1614,6643712,SILENCE,,,,4096,
1615,6647808,SILENCE,,,,4096,
1616,6651904,SILENCE,,,,4096,
1617,6656000,SILENCE,,,,4096,
1618,6660096,SILENCE,,,,4096,
1619,6664192,SILENCE,,,,4096,
1620,6668288,SILENCE,,,,4096,
1621,6672384,SILENCE,,,,4096,
1622,6676480,SILENCE,,,,4096,
1623,6680576,SILENCE,,,,4096,
1624,6684672,SILENCE,,,,4096,
1625,6688768,SILENCE,,,,4096,
1626,6692864,SILENCE,,,,4096,
1627,6696960,SILENCE,,,,4096,
1628,6701056,SILENCE,,,,4096,
1629,6705152,SILENCE,,,,4096,
1630,6709248,SILENCE,,,,4096,
1631,6713344,SILENCE,,,,4096,
1632,6717440,SILENCE,,,,4096,
1633,6721536,SILENCE,,,,4096,
1634,6725632,SILENCE,,,,4096,
1635,6729728,SILENCE,,,,4096,
1636,6733824,SILENCE,,,,4096,
1637,6737920,SILENCE,,,,4096,
1638,6742016,SILENCE,,,,4096,
1639,6746112,SILENCE,,,,4096,
1640,6750208,SILENCE,,,,4096,
1641,6754304,SILENCE,,,,4096,
1642,6758400,SILENCE,,,,4096,
1643,6762496,SILENCE,,,,4096,
1644,6766592,SILENCE,,,,4096,
1645,6770688,SILENCE,,,,4096,
1646,6774784,SILENCE,,,,4096,
1647,6778880,SILENCE,,,,4096,
1648,6782976,SILENCE,,,,4096,
1649,6787072,SILENCE,,,,4096,
1650,6791168,SILENCE,,,,4096,
1651,6795264,SILENCE,,,,4096,
1652,6799360,SILENCE,,,,4096,
1653,6803456,SILENCE,,,,4096,
1654,6807552,SILENCE,,,,4096,
1655,6811648,SILENCE,,,,4096,
1656,6815744,SILENCE,,,,4096,
1657,6819840,SILENCE,,,,4096,
1658,6823936,SILENCE,,,,4096,
1659,6828032,SILENCE,,,,4096,
1660,6832128,SILENCE,,,,4096,
1661,6836224,SILENCE,,,,4096,
1662,6840320,SILENCE,,,,4096,
1663,6844416,SILENCE,,,,4096,
1664,6848512,SILENCE,,,,4096,
1665,6852608,SILENCE,,,,4096,
1666,6856704,SILENCE,,,,4096,
1667,6860800,SILENCE,,,,4096,
1668,6864896,SILENCE,,,,4096,
1669,6868992,SILENCE,,,,4096,
1670,6873088,SILENCE,,,,4096,
1671,6877184,SILENCE,,,,4096,
1672,6881280,SILENCE,,,,4096,
1673,6885376,SILENCE,,,,4096,
1674,6889472,SILENCE,,,,4096,
1675,6893568,SILENCE,,,,4096,
1676,6897664,SILENCE,,,,4096,
1677,6901760,SILENCE,,,,4096,
1678,6905856,SILENCE,,,,4096,
1679,6909952,SILENCE,,,,4096,
1680,6914048,SILENCE,,,,4096,
1681,6918144,SILENCE,,,,4096,
1682,6922240,SILENCE,,,,4096,
1683,6926336,SILENCE,,,,4096,
1684,6930432,SILENCE,,,,4096,
1685,6934528,SILENCE,,,,4096,
1686,6938624,SILENCE,,,,4096,
1687,6942720,SILENCE,,,,4096,
1688,6946816,SILENCE,,,,4096,
1689,6950912,SILENCE,,,,4096,
1690,6955008,SILENCE,,,,4096,
1691,6959104,SILENCE,,,,4096,
1692,6963200,SILENCE,,,,4096,
1693,6967296,SILENCE,,,,4096,
1694,6971392,SILENCE,,,,4096,
1695,6975488,SILENCE,,,,4096,
1696,6979584,SILENCE,,,,4096,
1697,6983680,SILENCE,,,,4096,
1698,6987776,SILENCE,,,,4096,
1699,6991872,SILENCE,,,,4096,
1700,6995968,SILENCE,,,,4096,
1701,7000064,SILENCE,,,,4096,
1702,7004160,SILENCE,,,,4096,
1703,7008256,SILENCE,,,,4096,
1704,7012352,SILENCE,,,,4096,
1705,7016448,SILENCE,,,,4096,
1706,7020544,SILENCE,,,,4096,
1707,7024640,SILENCE,,,,4096,
1708,7028736,SILENCE,,,,4096,
1709,7032832,SILENCE,,,,4096,
1710,7036928,SILENCE,,,,4096,
1711,7041024,SILENCE,,,,4096,
1712,7045120,SILENCE,,,,4096,
1713,7049216,SILENCE,,,,4096,
1714,7053312,SILENCE,,,,4096,
1715,7057408,SILENCE,,,,4096,
1716,7061504,SILENCE,,,,4096,
1717,7065600,SILENCE,,,,4096,
1718,7069696,SILENCE,,,,4096,
1719,7073792,SILENCE,,,,4096,
1720,7077888,SILENCE,,,,4096,
1721,7081984,SILENCE,,,,4096,
1722,7086080,SILENCE,,,,4096,
1723,7090176,SILENCE,,,,4096,
1724,7094272,SILENCE,,,,4096,
1725,7098368,SILENCE,,,,4096,
1726,7102464,SILENCE,,,,4096,
1727,7106560,SILENCE,,,,4096,
1728,7110656,SILENCE,,,,4096,
1729,7114752,SILENCE,,,,4096,
1730,7118848,SILENCE,,,,4096,
1731,7122944,SILENCE,,,,4096,
1732,7127040,SILENCE,,,,4096,
1733,7131136,SILENCE,,,,4096,
1734,7135232,SILENCE,,,,4096,
1735,7139328,SILENCE,,,,4096,
1736,7143424,SILENCE,,,,4096,
1737,7147520,SILENCE,,,,4096,
1738,7151616,SILENCE,,,,4096,
1739,7155712,SILENCE,,,,4096,
1740,7159808,SILENCE,,,,4096,
1741,7163904,SILENCE,,,,4096,
1742,7168000,SILENCE,,,,4096,
1743,7172096,SILENCE,,,,4096,
1744,7176192,SILENCE,,,,4096,
1745,7180288,SILENCE,,,,4096,
1746,7184384,SILENCE,,,,4096,
1747,7188480,SILENCE,,,,4096,
1748,7192576,SILENCE,,,,4096,
1749,7196672,SILENCE,,,,4096,
1750,7200768,SILENCE,,,,4096,
1751,7204864,SILENCE,,,,4096,
1752,7208960,SILENCE,,,,4096,
1753,7213056,SILENCE,,,,4096,
1754,7217152,SILENCE,,,,4096,
1755,7221248,SILENCE,,,,4096,
1756,7225344,SILENCE,,,,4096,
1757,7229440,SILENCE,,,,4096,
1758,7233536,SILENCE,,,,4096,
1759,7237632,SILENCE,,,,4096,
1760,7241728,SILENCE,,,,4096,
1761,7245824,SILENCE,,,,4096,
1762,7249920,SILENCE,,,,4096,
1763,7254016,SILENCE,,,,4096,
1764,7258112,SILENCE,,,,4096,
1765,7262208,SILENCE,,,,4096,
1766,7266304,SILENCE,,,,4096,
1767,7270400,SILENCE,,,,4096,
1768,7274496,SILENCE,,,,4096,
1769,7278592,SILENCE,,,,4096,
1770,7282688,SILENCE,,,,4096,
1771,7286784,SILENCE,,,,4096,
1772,7290880,SILENCE,,,,4096,
1773,7294976,SILENCE,,,,4096,
1774,7299072,SILENCE,,,,4096,
1775,7303168,SILENCE,,,,4096,
1776,7307264,SILENCE,,,,4096,
1777,7311360,SILENCE,,,,4096,
1778,7315456,SILENCE,,,,4096,
1779,7319552,SILENCE,,,,4096,
1780,7323648,SILENCE,,,,4096,
1781,7327744,SILENCE,,,,4096,
1782,7331840,SILENCE,,,,4096,
1783,7335936,SILENCE,,,,4096,
1784,7340032,SILENCE,,,,4096,
1785,7344128,SILENCE,,,,4096,
1786,7348224,SILENCE,,,,4096,
1787,7352320,SILENCE,,,,4096,
1788,7356416,SILENCE,,,,4096,
1789,7360512,SILENCE,,,,4096,
1790,7364608,SILENCE,,,,4096,
1791,7368704,SILENCE,,,,4096,
1792,7372800,SILENCE,,,,4096,
1793,7376896,SILENCE,,,,4096,
1794,7380992,SILENCE,,,,4096,
1795,7385088,SILENCE,,,,4096,
1796,7389184,SILENCE,,,,4096,
1797,7393280,SILENCE,,,,4096,
1798,7397376,SILENCE,,,,4096,
1799,7401472,SILENCE,,,,4096,
1800,7405568,SILENCE,,,,4096,
1801,7409664,SILENCE,,,,4096,
1802,7413760,SILENCE,,,,4096,
1803,7417856,SILENCE,,,,4096,
1804,7421952,SILENCE,,,,4096,
1805,7426048,SILENCE,,,,4096,
1806,7430144,SILENCE,,,,4096,
1807,7434240,SILENCE,,,,4096,
1808,7438336,SILENCE,,,,4096,
1809,7442432,SILENCE,,,,4096,
1810,7446528,SILENCE,,,,4096,
1811,7450624,SILENCE,,,,4096,
1812,7454720,SILENCE,,,,4096,
1813,7458816,SILENCE,,,,4096,
1814,7462912,SILENCE,,,,4096,
1815,7467008,SILENCE,,,,4096,
1816,7471104,SILENCE,,,,4096,
1817,7475200,SILENCE,,,,4096,
1818,7479296,SILENCE,,,,4096,
1819,7483392,SILENCE,,,,4096,
1820,7487488,SILENCE,,,,4096,
1821,7491584,SILENCE,,,,4096,
1822,7495680,SILENCE,,,,4096,
1823,7499776,SILENCE,,,,4096,
1824,7503872,SILENCE,,,,4096,
1825,7507968,SILENCE,,,,4096,
1826,7512064,SILENCE,,,,4096,
1827,7516160,SILENCE,,,,4096,
1828,7520256,SILENCE,,,,4096,
1829,7524352,SILENCE,,,,4096,
1830,7528448,SILENCE,,,,4096,
1831,7532544,SILENCE,,,,4096,
1832,7536640,SILENCE,,,,4096,
1833,7540736,SILENCE,,,,4096,
1834,7544832,SILENCE,,,,4096,
1835,7548928,SILENCE,,,,4096,
1836,7553024,SILENCE,,,,4096,
1837,7557120,SILENCE,,,,4096,
1838,7561216,SILENCE,,,,4096,
1839,7565312,SILENCE,,,,4096,
1840,7569408,SILENCE,,,,4096,
1841,7573504,SILENCE,,,,4096,
1842,7577600,SILENCE,,,,4096,
1843,7581696,SILENCE,,,,4096,
1844,7585792,SILENCE,,,,4096,
1845,7589888,SILENCE,,,,4096,
1846,7593984,SILENCE,,,,4096,
1847,7598080,SILENCE,,,,4096,
1848,7602176,SILENCE,,,,4096,
1849,7606272,SILENCE,,,,4096,
1850,7610368,SILENCE,,,,4096,
1851,7614464,SILENCE,,,,4096,
1852,7618560,SILENCE,,,,4096,
1853,7622656,SILENCE,,,,4096,
1854,7626752,SILENCE,,,,4096,
1855,7630848,SILENCE,,,,4096,
1856,7634944,SILENCE,,,,4096,
1857,7639040,SILENCE,,,,4096,
1858,7643136,SILENCE,,,,4096,
1859,7647232,SILENCE,,,,4096,
1860,7651328,SILENCE,,,,4096,
1861,7655424,SILENCE,,,,4096,
1862,7659520,SILENCE,,,,4096,
1863,7663616,SILENCE,,,,4096,
1864,7667712,SILENCE,,,,4096,
1865,7671808,SILENCE,,,,4096,
1866,7675904,SILENCE,,,,4096,
1867,7680000,SILENCE,,,,4096,
1868,7684096,SILENCE,,,,4096,
1869,7688192,SILENCE,,,,4096,
1870,7692288,SILENCE,,,,4096,
1871,7696384,SILENCE,,,,4096,
1872,7700480,SILENCE,,,,4096,
1873,7704576,SILENCE,,,,4096,
1874,7708672,SILENCE,,,,4096,
1875,7712768,SILENCE,,,,4096,
1876,7716864,SILENCE,,,,4096,
1877,7720960,SILENCE,,,,4096,
1878,7725056,SILENCE,,,,4096,
1879,7729152,SILENCE,,,,4096,
1880,7733248,SILENCE,,,,4096,
1881,7737344,SILENCE,,,,4096,
1882,7741440,SILENCE,,,,4096,
1883,7745536,SILENCE,,,,4096,
1884,7749632,SILENCE,,,,4096,
1885,7753728,SILENCE,,,,4096,
1886,7757824,SILENCE,,,,4096,
1887,7761920,SILENCE,,,,4096,
1888,7766016,SILENCE,,,,4096,
1889,7770112,SILENCE,,,,4096,
1890,7774208,SILENCE,,,,4096,
1891,7778304,SILENCE,,,,4096,
1892,7782400,SILENCE,,,,4096,
1893,7786496,SILENCE,,,,4096,
1894,7790592,SILENCE,,,,4096,
1895,7794688,SILENCE,,,,4096,
1896,7798784,SILENCE,,,,4096,
1897,7802880,SILENCE,,,,4096,
1898,7806976,SILENCE,,,,4096,
1899,7811072,SILENCE,,,,4096,
1900,7815168,SILENCE,,,,4096,
1901,7819264,SILENCE,,,,4096,
1902,7823360,SILENCE,,,,4096,
1903,7827456,SILENCE,,,,4096,
1904,7831552,SILENCE,,,,4096,
1905,7835648,SILENCE,,,,4096,
1906,7839744,SILENCE,,,,4096,
1907,7843840,SILENCE,,,,4096,
1908,7847936,SILENCE,,,,4096,
1909,7852032,SILENCE,,,,4096,
1910,7856128,SILENCE,,,,4096,
1911,7860224,SILENCE,,,,4096,
1912,7864320,SILENCE,,,,4096,
1913,7868416,SILENCE,,,,4096,
1914,7872512,SILENCE,,,,4096,
1915,7876608,SILENCE,,,,4096,
1916,7880704,SILENCE,,,,4096,
1917,7884800,SILENCE,,,,4096,
1918,7888896,SILENCE,,,,4096,
1919,7892992,SILENCE,,,,4096,
1920,7897088,SILENCE,,,,4096,
1921,7901184,SILENCE,,,,4096,
1922,7905280,SILENCE,,,,4096,
1923,7909376,SILENCE,,,,4096,
1924,7913472,SILENCE,,,,4096,
1925,7917568,SILENCE,,,,4096,
1926,7921664,SILENCE,,,,4096,
1927,7925760,SILENCE,,,,4096,
1928,7929856,SILENCE,,,,4096,
1929,7933952,SILENCE,,,,4096,
1930,7938048,SILENCE,,,,4096,
1931,7942144,SILENCE,,,,4096,
1932,7946240,SILENCE,,,,4096,
1933,7950336,SILENCE,,,,4096,
1934,7954432,SILENCE,,,,4096,
1935,7958528,SILENCE,,,,4096,
1936,7962624,SILENCE,,,,4096,
1937,7966720,SILENCE,,,,4096,
1938,7970816,SILENCE,,,,4096,
1939,7974912,SILENCE,,,,4096,
1940,7979008,SILENCE,,,,4096,
1941,7983104,SILENCE,,,,4096,
1942,7987200,SILENCE,,,,4096,
1943,7991296,SILENCE,,,,4096,
1944,7995392,SILENCE,,,,4096,
1945,7999488,SILENCE,,,,4096,
1946,8003584,SILENCE,,,,4096,
1947,8007680,SILENCE,,,,4096,
1948,8011776,SILENCE,,,,4096,
1949,8015872,SILENCE,,,,4096,
1950,8019968,SILENCE,,,,4096,
1951,8024064,SILENCE,,,,4096,
1952,8028160,SILENCE,,,,4096,
1953,8032256,SILENCE,,,,4096,
1954,8036352,SILENCE,,,,4096,
1955,8040448,SILENCE,,,,4096,
1956,8044544,SILENCE,,,,4096,
1957,8048640,SILENCE,,,,4096,
1958,8052736,SILENCE,,,,4096,
1959,8056832,SILENCE,,,,4096,
1960,8060928,SILENCE,,,,4096,
1961,8065024,SILENCE,,,,4096,
1962,8069120,SILENCE,,,,4096,
1963,8073216,SILENCE,,,,4096,
1964,8077312,SILENCE,,,,4096,
1965,8081408,SILENCE,,,,4096,
1966,8085504,SILENCE,,,,4096,
1967,8089600,SILENCE,,,,4096,
1968,8093696,SILENCE,,,,4096,
1969,8097792,SILENCE,,,,4096,
1970,8101888,SILENCE,,,,4096,
1971,8105984,SILENCE,,,,4096,
1972,8110080,SILENCE,,,,4096,
1973,8114176,SILENCE,,,,4096,
1974,8118272,SILENCE,,,,4096,
1975,8122368,SILENCE,,,,4096,
1976,8126464,SILENCE,,,,4096,
1977,8130560,SILENCE,,,,4096,
1978,8134656,SILENCE,,,,4096,
1979,8138752,SILENCE,,,,4096,
1980,8142848,SILENCE,,,,4096,
1981,8146944,SILENCE,,,,4096,
1982,8151040,SILENCE,,,,4096,
1983,8155136,SILENCE,,,,4096,
1984,8159232,SILENCE,,,,4096,
1985,8163328,SILENCE,,,,4096,
1986,8167424,SILENCE,,,,4096,
1987,8171520,SILENCE,,,,4096,
1988,8175616,SILENCE,,,,4096,
1989,8179712,SILENCE,,,,4096,
1990,8183808,SILENCE,,,,4096,
1991,8187904,SILENCE,,,,4096,
1992,8192000,SILENCE,,,,4096,
1993,8196096,SILENCE,,,,4096,
1994,8200192,SILENCE,,,,4096,
1995,8204288,SILENCE,,,,4096,
1996,8208384,SILENCE,,,,4096,
1997,8212480,SILENCE,,,,4096,
1998,8216576,SILENCE,,,,4096,
1999,8220672,SILENCE,,,,4096,
2000,8224768,SILENCE,,,,4096,
2001,8228864,SILENCE,,,,4096,
2002,8232960,SILENCE,,,,4096,
2003,8237056,SILENCE,,,,4096,
2004,8241152,SILENCE,,,,4096,
2005,8245248,SILENCE,,,,4096,
2006,8249344,SILENCE,,,,4096,
2007,8253440,SILENCE,,,,4096,
2008,8257536,SILENCE,,,,4096,
2009,8261632,SILENCE,,,,4096,
2010,8265728,SILENCE,,,,4096,
2011,8269824,SILENCE,,,,4096,
2012,8273920,SILENCE,,,,4096,
2013,8278016,SILENCE,,,,4096,
2014,8282112,SILENCE,,,,4096,
2015,8286208,SILENCE,,,,4096,
2016,8290304,SILENCE,,,,4096,
2017,8294400,SILENCE,,,,4096,
2018,8298496,SILENCE,,,,4096,
2019,8302592,SILENCE,,,,4096,
2020,8306688,SILENCE,,,,4096,
2021,8310784,SILENCE,,,,4096,
2022,8314880,SILENCE,,,,4096,
2023,8318976,SILENCE,,,,4096,
2024,8323072,SILENCE,,,,4096,
2025,8327168,SILENCE,,,,4096,
2026,8331264,SILENCE,,,,4096,
2027,8335360,SILENCE,,,,4096,
2028,8339456,SILENCE,,,,4096,
2029,8343552,SILENCE,,,,4096,
2030,8347648,SILENCE,,,,4096,
2031,8351744,SILENCE,,,,4096,
2032,8355840,SILENCE,,,,4096,
2033,8359936,SILENCE,,,,4096,
2034,8364032,SILENCE,,,,4096,
2035,8368128,SILENCE,,,,4096,
2036,8372224,SILENCE,,,,4096,
2037,8376320,SILENCE,,,,4096,
2038,8380416,SILENCE,,,,4096,
2039,8384512,SILENCE,,,,4096,
