i,t0,t1,hms,uid,serial,reads,off_min,off_max_end,from_head,sequential,stream_uid,live_slot,producer_age_s,ring_fill,id3_bytes,live_bytes,silence_bytes,live_s,live_off_first,live_off_last,und_delta,id3_est
0,1791438226.491,1791438226.947,07:43:46.4,fav1,PD0096,96,131072,524288,False,True,fav1,True,-17.3,40096,0,40096,353120,6.68,131072,171168,,
1,1791438418.933,1791438419.04,07:46:58.9,fav2,PD0097,30,401408,524288,False,True,,False,,0,0,0,122880,0.0,,,,
2,1791438419.044,1791438419.279,07:46:59.0,fav1,PD0097,64,81920,344064,False,False,,False,,0,0,0,262144,0.0,,,,
3,1791438478.867,1791438483.523,07:47:58.8,fav0,PD0097,1148,344064,5046272,False,False,,False,,0,0,0,4702208,0.0,,,,
4,1791438487.06,1791438490.283,07:48:07.0,fav0,PD0097,815,5046272,8384512,False,False,,False,,0,0,0,3338240,0.0,,,,
5,1791438545.808,1791438554.101,07:49:05.8,fav0,PD0098,1997,0,8388608,False,False,,False,,0,0,0,8179712,0.0,,,,
6,1791438603.721,1791438604.375,07:50:03.7,fav2,PD0098,128,0,524288,True,False,,False,,0,0,0,524288,0.0,,,,
7,1791438649.244,1791438649.568,07:50:49.2,fav0,PD0099,8,19968,2059776,False,False,fav2,False,234.1,49152,0,0,32768,0.0,,,,
8,1791438649.767,1791438650.433,07:50:49.7,fav2,PD0099,128,0,524288,True,False,fav2,True,234.7,49152,0,49461,474827,8.24,0,49461,471640,3187
9,1791438774.533,1791438775.096,07:52:54.5,fav1,PD0099,128,0,524288,False,False,fav1,True,0.3,0,0,0,524288,0.0,,,,
10,1791438843.721,1791438853.75,07:54:03.7,fav0,PD0099,1975,0,8388608,False,False,fav0,True,0.5,0,0,0,8089600,0.0,,,,
11,1791438889.241,1791438890.203,07:54:49.2,fav0,PD0100,93,0,8388608,False,False,,False,,0,0,0,380928,0.0,,,,
13,1791438890.233,1791438890.515,07:54:50.2,fav2,PD0100,64,0,262144,True,True,,False,,0,0,0,262144,0.0,,,,
14,1791438890.519,1791438890.57,07:54:50.5,fav1,PD0100,12,16384,65536,False,True,,False,,0,0,0,49152,0.0,,,,
25,1791438890.589,1791438890.777,07:54:50.5,fav2,PD0100,59,262144,524288,False,False,,False,,0,0,0,241664,0.0,,,,
26,1791438890.781,1791438891.062,07:54:50.7,fav1,PD0100,64,81920,344064,False,False,,False,,0,0,0,262144,0.0,,,,
27,1791438920.397,1791438920.554,07:55:20.3,fav1,PD0100,43,344064,520192,False,False,,False,,0,0,0,176128,0.0,,,,
28,1791438955.958,1791438956.171,07:55:55.9,fav0,PD0101,8,19968,2059776,False,False,,False,,0,0,0,32768,0.0,,,,
29,1791438956.228,1791438956.773,07:55:56.2,fav1,PD0101,128,0,524288,True,True,,False,,0,0,0,524288,0.0,,,,
30,1791438995.347,1791438996.021,07:56:35.3,fav2,PD0101,128,0,524288,True,True,,False,,0,0,0,524288,0.0,,,,
31,1791439046.16,1791439046.475,07:57:26.1,fav0,PD0102,8,19968,2059776,False,False,fav2,False,163.9,49152,0,0,32768,0.0,,,,
32,1791439046.644,1791439047.24,07:57:26.6,fav2,PD0102,128,0,524288,True,False,fav2,True,164.4,49152,0,99129,425159,16.52,0,389228,450560,
33,1791439155.354,1791439155.677,07:59:15.3,fav0,PD0103,8,19968,2059776,False,False,fav2,False,273.1,49152,0,0,32768,0.0,,,,
34,1791439155.721,1791439156.57,07:59:15.7,fav2,PD0103,128,0,524288,True,True,fav2,True,273.5,49152,0,49707,474581,8.28,0,49707,471640,2941
35,1791439235.795,1791439236.099,08:00:35.7,fav0,PD0104,8,19968,2059776,False,False,fav2,False,353.6,49152,0,0,32768,0.0,,,,
36,1791439236.264,1791439236.942,08:00:36.2,fav2,PD0104,128,0,524288,True,True,fav2,True,354.0,49152,0,49570,474718,8.26,0,49570,470616,4102
37,1791439288.124,1791439288.434,08:01:28.1,fav0,PD0105,8,19968,2059776,False,False,fav2,False,405.9,49152,0,0,32768,0.0,,,,
38,1791439288.604,1791439289.228,08:01:28.6,fav2,PD0105,128,0,524288,True,False,fav2,True,406.4,49152,0,49586,474702,8.26,0,49586,401408,
39,1791439359.822,1791439360.118,08:02:39.8,fav0,PD0106,8,19968,2059776,False,False,fav2,False,477.6,49152,0,0,32768,0.0,,,,
40,1791439360.264,1791439360.944,08:02:40.2,fav2,PD0106,128,0,524288,True,True,fav2,True,478.0,49152,0,49610,474678,8.27,0,49610,471567,3111
41,1791439442.023,1791439442.595,08:04:02.0,fav1,PD0106,128,0,524288,False,False,fav1,True,0.6,0,0,0,524288,0.0,,,,
